"@CharlesLapuz","@based_marina operation diabetes."
"@navybluplatypus","Diabetes ruins my backup plan of living off the land and being a hippie"
"@mstorabby","Like im legit sad , im scared of diabetes..ima scary person period"
"@rev8diabetes","RT @EMC2Foundation: Official #AMA on #science #reddit with our second winner Theresa L. OKeefe, Ph.D. from @MendTherapeutic to be announce"
"@yung_rigz","Me n my nigga @SnapCapone in da 5 series , take a , no insulin no diabetes"
"@destroysuperman","@ashleymiano #diabetes"
"@aiLeenh_","I PLAYED KOUJAKUS ROUTE FIRST THO SO CUTE I GOT DIABETES"
"@thekokotaylor","RT @jizziemcguire: I know the feeling bud  @nickjonas: Things to be grateful for.. My last diabetes check up I had my best numbers ever."
"@bananasbriannaa","Had In N Out, Corkeys, Olive Garden, gelato, Chipotle, brownies, and now pizza all within the last week. Gaining 60000 pounds  #diabetes"
"@ThatboiLuie","what is the scariest thing that has every happened to...  Almost getting killed And the best thing ?  My diabetes "
"@Maa_Ke_Pakode","Too much bitterness never caused diabetes."
"@junk1973","What a Fat stuff! US is good at making people fat and diabetes to spend money more. n they did same as Godzilla too. "
"@Lucarri_","RT @CapnWontSaveAHo: Fuck you mean I got diabetes? "
"@gimme_timi","My throat hurts...according to WebMD I have either acid reflux or diabetes who needs to seek medical help immediately"
"@RTMoney_","RT @EMC2Foundation: Official #AMA on #science #reddit with our second winner Theresa L. OKeefe, Ph.D. from @MendTherapeutic to be announce"
"@codyfranta","Hi, my name is Scott Malkinson and I have diabetes and a lisp."
"@Addi_Vaughn","Diabetes cant stop me from shining bright like a diamond @jay_sosa15 that doesnt make sense"
"@hanatoku","UCLA pilots mobile vision testing app for patients with diabetes | mobihealthnews "
"@SnacZilla4Rilla","@imakeithappenG its this thing that has to do w/ diabetes...its a 3 month avg of my sugars...normal ppls are like 6 and under mine has"
"@brknews_atl","31 Healthy Ways People With Diabetes Can Enjoy Carbs ..BusinessNews Atlanta "
"@yomamaisdurty","RT @YxngKyoto: @CapnWontSaveAHo: Fuck you mean I got diabetes?  YALL NIGGAS KILLING MEEE !"
"@Shonz2013","Avoid Diabetes!!!! Stop playing Candy Crush!!!! "
"@___fckinloyal","I get tested for diabetes at my next appointment "
"@AskAppDev","RT @Paul_Sonnier: .@Voluntis raises $29M to bring #diabetes app to US  HT @Christianassad #DigitalHealth #mHealth"
"@Paul_Sonnier",".@Voluntis raises $29M to bring #diabetes app to US  HT @Christianassad #DigitalHealth #mHealth"
"@colleengreene","#healthy chicken and barley soup for my new #diabetes diet. "
"@pat_turley","RT @ShepNewsTeam: Big news for people with diabetes: Scientists have used a cloning technique to make insulin-producing cells"
"@gordonabishop","@adneruf i am. Reveals my type 1 diabetes tru self"
"@sunnyroller","RT @Christianassad: Voluntis raises $29M to bring diabetes app to US "
"@khuckabay","PLEASE HELP US SEND A DESERVING CHILD TO DIABETES CAMP.  $25.00  #T1D #diabetescamp #fundraiser #diabetes"
"@colty73","This night time low shit is really a pain in the ass when I want to sleep. #diabetes #sucks #needacure"
"@_lyssorlando","@Diego_Avila10 @Eating dude idgaf about diabetes it looks AMAZING"
"@Nofrills23","Can you explain to me the difference between type 1 and type 2 diabetes ? NO I FUCKIN CANNOT NOW DISSAPPEAR"
"@deidralanae","Like seriously I figured by now I could have my blood sugar all under control. Lol no. I suck at having diabetes lol"
"@Diabetes_HK","Good skin bacteria helps heal wounds - Mumbai Mirror "
"@0szbts","3 weeks to reverse diabetes. . . . . . "
"@wifeoftremaine","RT @type1girl: i would give anything to have a cure for diabetes."
"@jliberatore14","As much as @NoahBadgley jokes about having diabetes or wanting to have it, Im going to actually laugh when you do get diabetes"
"@pelayoarmando11","#SluttyBrownies tried making some diabetes  "
"@Christianassad","Voluntis raises $29M to bring diabetes app to US "
"@IndieFunds","Mon Apr 28 14 Announcement from Traq Me - Managing Diabetes One Text at a Time  #indie #money"
"@a_gar13","@BachBaum gettin my diabetes swag on"
"@16January1979","Cinnamon Roll Pancakes ..... sounds like diabetes"
"@chatoloco1","Between my diverticulitis , diabetes,  and planterfacioudos im a mess health wise"
"@lexijay97","RT @neeliE_araS: I really do just hate diabetes"
"@WXGN","Jason Dunn DIabetes Foundation - Jason Dunn  #wxgn #nowplaying #listenlive"
"@NecySimplyMe","Diabetes aint no fun at all I hate I gotta go thru this"
"@DiabetesyBdP","New post: Diabetes Questions: I have Type 2 diabetes. My doctor recommends glucophage. What do  de"
"@winterride","Today I was put on the Islet Cell Transplant Waiting list And shortly After being a diabetic all my life I will be set free GOODBYE DIABETES"
"@TheCryptoCartel","RT @EMC2Foundation: Official #AMA on #science #reddit with our second winner Theresa L. OKeefe, Ph.D. from @MendTherapeutic to be announce"
"@rehstewart","RT @poisonn_ivy3: Adam: I have to pee again.Me: you just went literally 5 minutes ago.Adam: I think I might have diabetes. #doubtit @Ada"
"@kaiilaj","i only had a cup of soda and now I feel like i have diabetes"
"@newshourbd","Cloning approach makes diabetes stem celladvance "
"@mstorabby","Sad news: im forcing myself to go get tested for diabetes soon because I think I have it :("
"@Jp_Johnson_20","#tbt when I was on the brink of diabeetus And yes I know thats not how you spell diabetes "
"@LunaVaidya","@ncbn @narendramodi yes, u did developmnt but never planned for green devlpmnt..soon Hyderabad would have high population of diabetes,cancer"
"@_babyadri","@RowdyHaack Yeah I use it to keep track of what I eat too especially my carb intake cause of my diabetes. its a pretty cool app! thats good!"
"@RichMonetti","#SouthAfrica UCI Cycling Kate Marshall #WhitePlains #Westchester "
"@Mike_Loughman","@snivelsandbits its vaping not fucking diabetes, dude."
"@ashley_white","@SabrinaO0318 yeah, theyre really sugary. So much sugar. Does something to the blood. Boiling diabetes, perhaps?"
"@DSturdi","we ride in 5 days!!!...... (although I ride this diabetes ride every day :p) "
"@erika_lowery","I hate it when my parents make me feel bad about having diabetes. It happened. Get over it."
"@Sofia_Austin7","@amenkardashian *DIABETES* learn how to spell."
"@YaBishTrap","#TweetLikeYouGottaDarkSkinBae All this CHOCOLATE and all my diabetes what am I gonna do!"
"@dominickcosta","@Sullyvanskikins @LisaComento @ant_kneee @McGuireMeredith @getcrackin @CCtoMB jealous .. Im heading closer to diabetes this weekend.."
"@_SkipLouSkip","@vinnymillobaby @LisiMichelle my neck look like it suffers from diabetes"
"@thebeansource","Heres an interesting... "
"@Chad_Cang","Oh, hello sugar coated diabetes, mean crinkles.#NoAbsAgainThisYear"
"@EMC2Foundation","Official #AMA on #science #reddit with our second winner Theresa L. OKeefe, Ph.D. from @MendTherapeutic to be announced soon. #Diabetes"
"@katieisbell","ive officially had type one diabetes for five years today. cant even wrap my head around that. so grateful for everything."
"@ZRJobs","RxSalesPros is hiring District Sales Manager Diabetes - Palm Springs, CA  #jobs"
"@Possyboots","@xxJadeJones No! I have gestational diabetes! Oh my god"
"@DeborahBarnes15","Splenda (Sucralose) Found To Have Diabetes-Promoting Effects "
"@RAEmonstuhh","#Diabetes re-did my ribbon with my cuzzo again yesterday. "
"@Curejoy","Jon Curejoy Diabetes community to ask Free Expert Questions, read Diabetes related Articles  "
"@pam_pixie771","Dining with Diabetes | MSU Extension "
"@CaudillAlly","Always take perfect care of myself because if my diabetes. Its just so tiring &amp; stressful"
"@DiabeticTalks","Living with Codependency? My diabetes can wait after all he or she has such potential!  #diabetes"
"@diabetes_is_me_","RT @FunnyPicsDepot: lmao im done  "
"@Possyboots","@FaeryRae gestational diabetes!!!!!!! Im goi g to pass out"
"@pokemonstyIes","I think I scared Alysha off with my tweet I think I scared everyone off with my tweet about SUGA and DIABETES Im so sorry"
"@LaurenSolomon_","Sometimes diabetes has its perks. Like not having to go to school tomorrow."
"@neeliE_araS","I really do just hate diabetes"
"@FoodforLife4","Schedule | Reversing Diabetes World Summit "
"@ign0rancia","RT @nickjonas: Things to be grateful for.. My last diabetes check up I had my best numbers ever. #healthydiabetic"
"@annacshouv","RT @haydenparrill_: @annacshouv I think my diabetes is flaring up, hows yours?"
"@Brad_Shaw_22","@kelsterrsss fancy people must have diabetes"
"@katieisbell","five years ago today i was diagnosed with type one diabetes. every year, i go to the cheesecake "
"@___Odio___","Sometimes I think I have diabetes"
"@CDA_DCamps","We have FAMILY CAMPS this spring in BC, AB, ON &amp; NB! Go to   to register today. #diabetes #T1D "
"@His_MamaCita","I need make a doctors appointment again for my diabetes smh crazy man it is"
"@jewfrodrummer","RT @ScottSeigel: Eye spy with my little eye..... Diabetes "
"@DiabeticTalks","DiabeticTalks blogs weekly at  #Diabetes #diabetic #Diabeticproblems #PWD #dblog"
"@BBGNetwork","#NOW PLAYING  - Diabetes Awareness PSA #BBG NETWORK"
"@BEIGEIXVIII","RT @Real_MLee: @BEIGEIXVIII Im just tryna survive with diabetes lol"
"@Kourtn3yGarcia","@chase_mcc10 I blame you for my diabetes"
"@loopzoop","i eat glazed doughnuts every morning for breakfast i cant wait for adult diabetes"
"@TebiaMED","@DiabetesHealth Find out how we changing the world of diabetes one text at a time "
"@FlySSociety","I think I have diabetes honesty"
"@nietindpcp","NATIONAL MEET FOR INTEGRATED NATIONAL DIABETES PREVENTION PROTECTION PROGRAMME JUNE 14-15 (INDPCP PROGRAMME) AT LUCKNOW TENTATIVELY"
"@its_ninnen","RT @M_Pillot: 99% sure I have some temporary diabetes thanks to @its_ninnens peanut butter eggs."
"@nietindpcp","NATIONAL MEET FOR INTEGRATED NATIONAL DIABETES PREVENTION PROTECTION PROGRAMME JUNE 14-15 (INDPCP PROGRAMME) AT LUCKNOW TENTAIVELY"
"@Real_MLee","@BEIGEIXVIII Im just tryna survive with diabetes lol"
"@T1DShane","#diabetes #joke "
"@KatOrchard","Today I thought I had diabetes, so Ive come to the life decision that Im not eating sugar anymore.."
"@CarlaYNix","Managing Diabetes is out! "
"@Sensawunda","RT @GrapeSodaJamb: Houston, we have a problem. Its diabetes."
"@75JAH_","CALL ME WHAT YOU WANT BUT YOU CANT CALL ME SLIM...... PULL UP WITH NO DIET AND DIABETES  LOOOL "
"@ChrissyAWriting","Boo! Hiss! Im going to need to go get tested for diabetes.  It runs in my family and Ive been ignoring symptoms for too long."
"@nietindpcp","@kutikuppalasury  Dear sir we wish to invite on the National meet for Diabetes prog at Lucknow during 14-15 June14 can i know ur email id"
"@Tony_Rotella","@KEEBLERisTiny God Soft Batch cookies are the shit. I had a pre-diabetes flashback, and now Im drooling on myself."
"@reneejua98","Diabetes can suck mah dick too"
"@NiekosMom","So the bad news is I have diabetes, thyroid problems, hormone problems, severe vitamin deficiencies and I will die If I dont change. SUPER!"
"@loopsylore","RT @GrapeSodaJamb: Houston, we have a problem. Its diabetes."
"@itskristinbaby","ive ate so much sweets today i should probs have diabetes"
"@grungecliffrd","Ive been feeling v insecure abt my diabetes lately and I never really have before and I dont understand why"
"@Iamjaci","@Evan_Redbone @ThatsSoKrista @RawrRolando @CalebMarcotte98 fuck you ginger bitch Im not a candy at all bc I have a fucking diabetes ya bish"
"@eahawkk","@audcking: @eahawkk I ate too many mixed nuts and now I have diabetes  thank you"
"@Rico_WDE16","Diabetes* RT@JanaeElisa: The Lord has come "
"@DrTipsbits","Help for coping with adult onset diabetes - "
"@_ItzRozay","Diabetes @zxsoull: I eat white rice like everyday "
"@skinnyme92","My waist to hip ratio means I have a very high risk to develop diabetes or heart disease. Excuse me while I mentally shoot myself 20x :)"
"@amidiabetic","What IS Diabetes | Can I catch it | Symptoms | Thirsty | - Am I Diabetic ?  via @amidiabetic"
"@aviatior12","Scientists Create Personalized Stem Cells, Raising Hopes for DiabetesCure "
"@MenakaSanthush","How to detect gestational diabetes - Helium "
"@KConner434","@SweetasDixie15 holy diabetes "
"@QEventPlanner"," #ada #a1c #diabetes #awareness"
"@NotZombiereturn","#PineapplePudding #CaramelSauce #IceCream #Diabetes"
"@awg_allan","@asmithb Nice post. Has your weight changed with the sugars. I am guessing not because the carbs are down. Diabetes is nasty be careful"
"@DSturdi","RT @alldiabetesnews: DiabetesHealth - Medication Errors Oops Wrong Insulin  #diabetes"
"@CaktPrfahladh","People with diabetes are1.5 times more likely to use alternative therapies, such as supplements and herbs, than those without diabetes?"
"@kaylapaixao","my tow honestly hurts so much i probably have diabetes"
"@ScottSeigel","Eye spy with my little eye..... Diabetes "
"@DiabetesDiva411","Thanks SNOFH (Speak Now or Forever Hold) for inviting the Diabetes Diva to Co Host their monthly Open Mic venue... "
"@AlexMusseman","Tryna run to the stars but I got diabetesBut i got some sweet tarts so go ahead, try to beat me#bars #famousamuss #GetOnMyLevel"
"@CCeccanese","@MaxFieldstone yeah thats Markie #diabetes"
"@xogabbykxo","So wait..if I possibly have diabetes does that mean I have to watch the amount of sugar I eat...oh no.."
"@jobs4SD","#jobs4u #jobs Diabetes Community Host  #SD #sandiego #CA"
"@troysotrill","these lifesavers aint doin shit but givin me diabetes"
"@StopDiabetes3","We need people with diabetes up and moving."
"@thePink_Elefant","RT @KiptonForrest: Me: so what seems to be the problem today sir?@sbiggs757 : I have diabetes, fix it.Me:   ....uh......I dont think I c"
"@becca11890","I never realize how bad diabetes is till I go to the doctor! #Type1Problems #diabetesproblems"
"@asmithb","Im now at-risk for diabetes and other ways living in #Cambodia has changed me "
"@pixieskitten","@jaqfarkhairi paling takut if dapat diabetes. Nasib Ive cut a lot of sugar out of my diet! Hahahahaha"
