@based_marina,RT @CharlesLapuz: @based_marina operation diabetes.
@jlesnewski,@_haileyfloyd Brought to you by Diabetes http://t.co/lkBebKyj0W
@definitiveturbo,Researchers use stem cells to treat diabetes. https://t.co/b1ZWqSobWV http://t.co/qgvP1LLyJT
@CharlesLapuz,@based_marina operation diabetes.
@tinsplendor,Reverse Your diabetes in 3 weeks http://t.co/edK7JsFRgN
@TheBowieCat,RT @motherboard: Insulin-producing stem cells could help fight diabetes: http://t.co/w3VYSstuD3
@MyckaelDE,@sidvici0us_ why that look like diabetes on a rock?
@navybluplatypus,Diabetes ruins my backup plan of living off the land and being a hippie
@ElbertHahn2,Smart Meter Researchers hope stem cells could one day treat chronic conditions like diabet Sigfox http://t.co/j0PnTWx50b
@__errrrrrnnn,RT @bcarterr_: Its not real Sweet Tea if you cant taste the diabetes in it
"@ItdBeKelsey","Everyone be nice to seor. He was in the hospital yesterday for his diabetes. "
"@aubzzilla","RT @marco_calatrava: When I was growing up the girls would say Drink more Pepsi to get more sexyYears later everyone getting diabetes. h"
"@mstorabby","Like im legit sad , im scared of diabetes..ima scary person period"
"@johnfoutz","Cloning used to make stem cells from adult humans in diabetes breakthrough http://t.co/kkI07gBPWS"
"@based_marina","RT @CharlesLapuz: @based_marina operation diabetes."
"@jlesnewski","@_haileyfloyd Brought to you by Diabetes http://t.co/lkBebKyj0W"
"@definitiveturbo","Researchers use stem cells to treat diabetes. https://t.co/b1ZWqSobWV http://t.co/qgvP1LLyJT"
"@CharlesLapuz","@based_marina operation diabetes."
"@tinsplendor","Reverse Your diabetes in 3 weeks http://t.co/edK7JsFRgN"
"@TheBowieCat","RT @motherboard: Insulin-producing stem cells could help fight diabetes: http://t.co/w3VYSstuD3"
"@MyckaelDE","@sidvici0us_ why that look like diabetes on a rock?"
"@navybluplatypus","Diabetes ruins my backup plan of living off the land and being a hippie"
"@ElbertHahn2","Smart Meter Researchers hope stem cells could one day treat chronic conditions like diabet Sigfox http://t.co/j0PnTWx50b"
"@__errrrrrnnn","RT @bcarterr_: Its not real Sweet Tea if you cant taste the diabetes in it"
"@All_Age_Health","Affordable nutrition supplements,  Weight loss supplements, Tell a friend. http://t.co/POe9rLOgko"
"@harrysdime","RT @motherboard: Insulin-producing stem cells could help fight diabetes: http://t.co/w3VYSstuD3"
"@rev8diabetes","RT @hqllie: having sweaty hands isnt even that bad at least you dont have diabetes or a tumor or something"
"@rev8diabetes","RT @EMC2Foundation: Official #AMA on #science #reddit with our second winner Theresa L. OKeefe, Ph.D. from @MendTherapeutic to be announce"
"@bcarterr_","Its not real Sweet Tea if you cant taste the diabetes in it"
"@infoxspot","Video: Stop Diabetes Today In Just 4 Weeks (by abdallah dlimi) http://t.co/8liTNUJA1C"
"@Combmatt","@checkersrallys @merribebet is the prize diabetes"
"@yung_rigz","Me n my nigga @SnapCapone in da 5 series , take a , no insulin no diabetes"
"@KasidyGochis","@ktraewitte but I could end up with diabetes as an old woman in a nursing home"
"@CanadaRuns","RT @t1dActiveLiving: 3 Friends. One iPhone. Lots of trouble. Our homemade video for @SebInspires  &amp; Patrick. http://t.co/6rFdeLXc3x @Canada"
"@R_Marissa2","RT @Dawn_R_Morgan: 5 Signs of Aging that Could be Diabetes in Disguise | Yahoo Health http://t.co/PZcFNDKaxA"
"@destroysuperman","@ashleymiano #diabetes"
"@rev8diabetes","The Solution For Diabetes http://t.co/fOc2nV2tVg"
"@MagsForCharity","Diabetes Daily is out! http://t.co/pVq0cgZmO4 Stories via @MDT_Diabetes @DiabeticLiving @Diabetescouk"
"@scottleibrand","@TebiaMED @boltyboy If you want to go beyond just tracking (for T1D), could integrate #DIYPS algorithms with this: http://t.co/Guq7bv4nJx"
"@CoachV_HLF","RT @Frentecivico: #Diabetes new frontier: China http://t.co/CCWHOTtaaT     114Million in #China have #DUNKtheJUNK #obesity #NAFL #heartdis"
"@CollinCisco13","RT @WorldStarFunny: If you cant taste diabetes, you aint doing it right http://t.co/SkDO78OOKa"
"@aiLeenh_","I PLAYED KOUJAKUS ROUTE FIRST THO SO CUTE I GOT DIABETES"
"@TN00_","real talk just a big ass box of assorted chocolates so i can just grt diabetes and die ...... best way to die"
"@thekokotaylor","RT @jizziemcguire: I know the feeling bud  @nickjonas: Things to be grateful for.. My last diabetes check up I had my best numbers ever."
"@ward_emi","@Danny_a17: @ward_emi: Chocolate covered bacon what  #diabetes its totally worth it!!"
"@Medcanpoet","@scrabblejunkie0 Hey Stoney, Hows life Bro? I just made 5 new shirts - PTSD, Chronically sick, Tourettes syndrome &amp; Diabetes.  #WINNING"
"@bananasbriannaa","Had In N Out, Corkeys, Olive Garden, gelato, Chipotle, brownies, and now pizza all within the last week. Gaining 60000 pounds  #diabetes"
"@ADARichmond","Do you have questions about caring for a loved one with #diabetes? Check out our online community message boards http://t.co/MncFDjxrGA"
"@LoriGallucci","RT @Go2Slp: You guys.I just saw a bake sale to benefit a childhood diabetes foundation.The struggle is real."
"@_theorigiNELL","RT @iCumNpeace: a slice of diabetes @ThisIsShardae_: This too much  RT @Dbenton68: @ItsFoodPorn: M&amp;M Cake http://t.co/waDKXSJURk looks l"
"@Jake_Darrow","RT @jlesnewski: @Jake_Darrow Brought to you by Diabetes http://t.co/fl3lcFcD9F"
"@ZandCell","Cloning used to make stem cells from adult humans in diabetes breakthrough  DailyMail http://t.co/XwzljSWiUV"
"@suzannelilly","The annual #auction for #diabetes research by @Brenda_Novak begins May 1. Heres a sneak peek of my writing groups offering. #kindle"
"@CarsieLJones","RT @Primax_Donna: diabetes? @DoltYourseIf: Cinnabon pancakes. I know what Im praying for tonight  http://t.co/4yeFE6qYI3"
"@5secsofimnotok","Im eating straight up chocolate chips and peanut butter melted and mixed with mini marshmallow.  I can physically feel the diabetes."
"@MarkHarmel","RT @ptengage1: A recent CDC report shows improvement in #Diabetes care nationally. The news about renal disease #CKD? Not so good. http://t"
"@ThatboiLuie","what is the scariest thing that has every happened to...  Almost getting killed And the best thing ?  My diabetes http://t.co/9kwPhSooEy"
"@Primax_Donna","diabetes? @DoltYourseIf: Cinnabon pancakes. I know what Im praying for tonight  http://t.co/4yeFE6qYI3"
"@BasedGodEcho","Inb4 Killa beats haggy, haggy goes into a deep depresion, eats so much he gets diabetes dies, his gravestone says Im sitting here watchin"
"@Maa_Ke_Pakode","Too much bitterness never caused diabetes."
"@waffourt","New Life Outlook - Type 2 Diabeteshttp://t.co/OlJNdTW9cJ"
"@DiabetoDevice","RT @khuckabay: PLEASE HELP US SEND A DESERVING CHILD TO DIABETES CAMP. The Kansas City Type 1 Diabetes Foundation is STRIVING to... http://"
"@junk1973","What a Fat stuff! US is good at making people fat and diabetes to spend money more. n they did same as Godzilla too. http://t.co/HXFjmNJ8sM"
"@_stellagroovez","Thats like giving a random kid candy &amp; saying diabetes is increasing. I dont get where the correlation of setting ppl up to glare at"
"@Lucarri_","RT @CapnWontSaveAHo: Fuck you mean I got diabetes? http://t.co/uo6ZFFS3QD"
"@Luiscolomavilla","RT @Medscape: Get the coffee on! upping consumption protects against type 2 diabetes http://t.co/LDVabhcGnj http://t.co/bSHfYaxjMT"
"@CROWNmeKING0","RT @NiggasBLike: If you cant taste diabetes, you aint doing it right http://t.co/9Co0O1HCZP"
"@DejaJamaisVu","Bruhhh who wanna buy a ticket, this is like the golden ticket from willy wonka without the diabetes. Help a nigga out http://t.co/xRA18YKDO4"
"@sariweather","RT @SocialJerkBlog: Why are female comedians supposed to be hot? Male comedians almost always look like everyones uncle who doesnt take c"
"@anasaurs23","RT @b_roa22: @TheWeirdWorld: Why not make a waffle into a sandwich.. http://t.co/5eMXJFwPDM @anasaurs23 we gotta do this with Adam #diabe"
"@SoyMuyGuapo32","RT @DogeEater: Dayton had diabetes from the chicken "
"@sayuri1475","I need to get back on the bandwagon otherwise Im going to get #diabetes"
"@gimme_timi","My throat hurts...according to WebMD I have either acid reflux or diabetes who needs to seek medical help immediately"
"@LEndocrinology","RT @EndoUpdate: Type 1 diabetes rates are stable - but we dont know why http://t.co/CDtnaWJeps"
"@Christian19065","RT @hqllie: having sweaty hands isnt even that bad at least you dont have diabetes or a tumor or something"
"@christigrotts","RT @Go2Slp: You guys.I just saw a bake sale to benefit a childhood diabetes foundation.The struggle is real."
"@iCumNpeace","a slice of diabetes @ThisIsShardae_: This too much  RT @Dbenton68: @ItsFoodPorn: M&amp;M Cake http://t.co/waDKXSJURk looks like death"
"@Clauranatalie","Last night I drank American beer.If you sent that beer out to be analyzed, the lab would probably phone up and say,Your horse has diabetes"
"@vegobsession","Michael Greger, MD: Discusses Diabetes and the Dangers of Low Carb Diets http://t.co/iq8dLfqRXm"
"@b_roa22","@TheWeirdWorld: Why not make a waffle into a sandwich.. http://t.co/5eMXJFwPDM @anasaurs23 we gotta do this with Adam #diabetes"
"@DogeEater","Dayton had diabetes from the chicken "
"@broomem","New York diabetes breakthrough? http://t.co/mYbyknRwMj @SumerSloan @lynncollins7 @Moonblood @TamithaSkov @kellylynch http://t.co/9mztRgWXxh"
"@FunnyUntitled","@TheWeirdWorld Why not call it, Instant Diabetes...?"
"@RTMoney_","RT @EMC2Foundation: Official #AMA on #science #reddit with our second winner Theresa L. OKeefe, Ph.D. from @MendTherapeutic to be announce"
"@EyeOnHealthNews","RT @CBSHealth: Stem cell cloning may be aid treatment for diabetes http://t.co/1rYrjxFb0O"
"@mom_the_pirate","RT @Go2Slp: You guys.I just saw a bake sale to benefit a childhood diabetes foundation.The struggle is real."
"@codyfranta","Hi, my name is Scott Malkinson and I have diabetes and a lisp."
"@Addi_Vaughn","Diabetes cant stop me from shining bright like a diamond @jay_sosa15 that doesnt make sense"
"@_HurricaneNyah","My sister is on the verge of diabetes and my mom just lets her eat whatever she wants, it really pisses me tf off"
"@Mr_ibraheem_","RT @EverydayHealth: 7 Foods That Spike Blood Sugar http://t.co/k3igUjd47R"
"@DogaBetix","RT @MorganoXC: I never knew what diabetes was until now when my dog was diagnosed with it today and I have to give her 2 shots a day"
"@HiMyNameIsFaith","RT @FlyAnakin: diabetes waiting to happen. @ItsFoodPorn: M&amp;M Cake http://t.co/IhcblhmKwJ"
"@MKsmn515","Holy diabetes socks RT @bustedcoverage: Spectacular baseball game selfie (from @EFQZ) http://t.co/tSodSjGob3"
"@hanatoku","UCLA pilots mobile vision testing app for patients with diabetes | mobihealthnews http://t.co/WKbVlSimKc"
"@ritesh620","RT @Shonz2013: Avoid Diabetes!!!! Stop playing Candy Crush!!!! "
"@ktraewitte","@KasidyGochis: Athens is eating all of my raisin bran :( #Stahp but he has diabetes"
"@The300tyG0D","RT @BigRod96: You gotta be able to taste the diabetes"
"@mystemcellnews","ROUND-UP: Making embryonic stem cells to treat diabetes (Nature*)  experts respond  AusSMC ...: US and Israe... http://t.co/WDi0KBW4Nh"
"@jlesnewski","@Jake_Darrow Brought to you by Diabetes http://t.co/fl3lcFcD9F"
"@SnacZilla4Rilla","@imakeithappenG its this thing that has to do w/ diabetes...its a 3 month avg of my sugars...normal ppls are like 6 and under mine has"
"@SocialJerkBlog","Why are female comedians supposed to be hot? Male comedians almost always look like everyones uncle who doesnt take care of his diabetes."
"@Danny_a17","@ward_emi: Chocolate covered bacon what  #diabetes"
"@brknews_atl","31 Healthy Ways People With Diabetes Can Enjoy Carbs ..BusinessNews Atlanta http://t.co/2rLz5Fm776"
"@asialeemarie_","RT @NiggasBLike: If you cant taste diabetes, you aint doing it right http://t.co/9Co0O1HCZP"
"@mTarantino0","RT @NiggasBLike: If you cant taste diabetes, you aint doing it right http://t.co/9Co0O1HCZP"
"@jlesnewski","@blaisdell78 Brother to you by Diabetes http://t.co/etVpNx9Gvt"
"@yomamaisdurty","RT @YxngKyoto: @CapnWontSaveAHo: Fuck you mean I got diabetes? http://t.co/IVHfC1gT52 YALL NIGGAS KILLING MEEE !"
"@Get_naija","#seethis Coffee reduces risk of diabetes: Increasing intake by 1.5cups each day can cut chances of developing... http://t.co/jGRqwsDEdo"
"@Shonz2013","Avoid Diabetes!!!! Stop playing Candy Crush!!!! "
"@___fckinloyal","I get tested for diabetes at my next appointment "
"@Meeting_aJERNed","RT @JDubDaBlerd: Delicious #Diabeetus RT @Meeting_aJERNed: Ill gladly get diabetes over this RT @ItsFoodPorn: M&amp;M Cake http://t.co/DWWV8ji"
"@TheBearyBest37","@annachristine97 yeah you get sick of it after making so many of the disgusting diabetes enriched drinks "
"@AskAppDev","RT @Paul_Sonnier: .@Voluntis raises $29M to bring #diabetes app to US http://t.co/aBqeDmfVs1 HT @Christianassad #DigitalHealth #mHealth"
"@FckingBEANHEAD_","RT @FlyAnakin: diabetes waiting to happen. @ItsFoodPorn: M&amp;M Cake http://t.co/IhcblhmKwJ"
"@Ceddy_Ced1","@Eating: Cookie Bowl Sundae http://t.co/aj2Wj05xU1 diabetes on a plate  but idgaf "
"@JDubDaBlerd","Delicious #Diabeetus RT @Meeting_aJERNed: Ill gladly get diabetes over this RT @ItsFoodPorn: M&amp;M Cake http://t.co/DWWV8jiri1"
"@abakalaba","RT @AcneSkinSite: Reasons to Give up Soda:- Messes with skin- Rotting teeth- Weight gain/ belly fat- Diabetes/ heart disease- Impaired"
"@hemanth_soni","RT @hultprize: One of out startups features in @FastCoExist http://t.co/a9MppCVt7u .02 cent solution to diabetes detection in the slum @Che"
"@Hades_2098","RT @_Woman_health: Vitamin D:and Cancers, type 1 diabetes, heart disease, and osteoporosis. http://t.co/lvG6lmawDB"
"@Techn0_Space","Treating diabetes via embryonic cloning holds promise - http://t.co/jb8hHxFxbL http://t.co/sV5Tz7RMxs"
"@richLOVEforever","RT @FlyAnakin: diabetes waiting to happen. @ItsFoodPorn: M&amp;M Cake http://t.co/IhcblhmKwJ"
"@Paul_Sonnier",".@Voluntis raises $29M to bring #diabetes app to US http://t.co/aBqeDmfVs1 HT @Christianassad #DigitalHealth #mHealth"
"@colleengreene","#healthy chicken and barley soup for my new #diabetes diet. http://t.co/1yI7952mqY"
"@Altara5","RT @jamespmurphymd: Pain affects more Americans than cancer, heart disease, and diabetes combined. #paincare http://t.co/cJVTt9BrCU http:/"
"@Dawn_R_Morgan","5 Signs of Aging that Could be Diabetes in Disguise | Yahoo Health http://t.co/PZcFNDKaxA"
"@ClarkGarPatch","Free Diabetes Screening In Union, April 29 http://t.co/en65kmYetp"
"@PicasyAses","RT @LatinoLiving: Coffee lovers: Drink up to reduce your risk of Type 2 diabetes http://t.co/gvLfzD5tLu"
"@Meeting_aJERNed","Ill gladly get diabetes over this RT @ItsFoodPorn: M&amp;M Cake http://t.co/U9uMcCFYTL"
"@TheCathieWay","Im in - who else can help? @MerckxProject: Consider giving @dwuori a few quid for his Tour De Cure effort.... http://t.co/RGgqkQA1aN"
"@aubreymaynard","RT @gordonabishop: when are we going to get a fat bald disabled latino type 1 diabetes disney princess?"
"@G_Lansky330","Type 1 diabetes after 2 slices @Dbenton68: @ItsFoodPorn: M&amp;M Cake http://t.co/MzWGVfpEgv looks like death"
"@DiabeticTalks","Blog: Theres No Such Thing as Bad Blood Sugar: http://t.co/I87moUXAtF #diabetes #lifecoach #DSMA #DOC #PWD"
"@occupyjunkfood","RT @Frentecivico: #Diabetes new frontier: China http://t.co/CCWHOTtaaT     114Million in #China have #DUNKtheJUNK #obesity #NAFL #heartdis"
"@sparhawk",".@sparhawk bump on porters tummy was made of fat cells. Hell probably live until forever, or until he gets diabetes. #fatcat"
"@Rxshvn","RT @_KelKardash: @Rxshvn: @CHlLDHOODRUINER: heaven in 7 bags http://t.co/LVRxHZE4SFdiabetes in 7 bags hemorrhoids in 7 bags"
"@_KelKardash","@Rxshvn: @CHlLDHOODRUINER: heaven in 7 bags http://t.co/LVRxHZE4SFdiabetes in 7 bags hemorrhoids in 7 bags"
"@Get_naija","#seethis Could a cure for type 1 diabetes be in sight? Scientists discover how to turn ordinary skin cells into... http://t.co/K7l5pvW1ST"
"@myers_mel","RT @WSJhealth: Embryonic Cloning Shows Promise in Diabetes Treatment http://t.co/4DOHlXN7K9"
"@JoeGallX2","RT @nycHealthy: NYCs sugary drink portion cap helps protect the health of all NYers from obesity &amp; diabetes. @DrMaryTBassett: http://t.co/"
"@pat_turley","RT @ShepNewsTeam: Big news for people with diabetes: Scientists have used a cloning technique to make insulin-producing cells"
"@glucosetracker","Scientists Create Personalized Stem Cells, Raising Hopes for #Diabetes Cure http://t.co/rLogaCjx0P via @NatGeo"
"@J_Finesse12","Now she tryna give me diabetes"
"@zamakeupartist","RT @_Woman_health: Vitamin D:and Cancers, type 1 diabetes, heart disease, and osteoporosis. http://t.co/lvG6lmawDB"
"@KateWhineHall","RT @Go2Slp: You guys.I just saw a bake sale to benefit a childhood diabetes foundation.The struggle is real."
"@Rxshvn","@CHlLDHOODRUINER: heaven in 7 bags http://t.co/h6JZKBxr8Fdiabetes in 7 bags"
"@khuckabay","PLEASE HELP US SEND A DESERVING CHILD TO DIABETES CAMP. The Kansas City Type 1 Diabetes Foundation is STRIVING to... http://t.co/H6IbHIYLyn"
"@runjudy262","RT @NBCNews: Drink Up: An extra cup of coffee each day is associated with an 11% lower risk of Type 2 diabetes. http://t.co/hXvvnq48bR"
"@YaiOller","RT @master_usmle: Peripheral neuropathy: differentialSTAGLAND:SarcoidThyroidAmyloidGuillian-BarreLeadAlcoholNutritionalDrugs/ Diab"
"@LatinoLiving","Coffee lovers: Drink up to reduce your risk of Type 2 diabetes http://t.co/gvLfzD5tLu"
"@Turfline","RT @WSJ: A new development in embryonic cloning shows promise in treating diabetes: http://t.co/nKrlm7LOT2 (Photo: Reuters) http://t.co/dBF"
"@hqllie","having sweaty hands isnt even that bad at least you dont have diabetes or a tumor or something"
"@gordonabishop","@adneruf i am. Reveals my type 1 diabetes tru self"
"@sunnyroller","RT @Christianassad: Voluntis raises $29M to bring diabetes app to US http://t.co/uabTyWTqXk"
"@khuckabay","PLEASE HELP US SEND A DESERVING CHILD TO DIABETES CAMP.  $25.00 http://t.co/YCxRJsI7Pi #T1D #diabetescamp #fundraiser #diabetes"
"@MaddieMaeDavis","I told my mom about the cut on my foot that wont heal &amp; she casually responds get that looked at, theres a lot diabetes in our family"
"@colty73","This night time low shit is really a pain in the ass when I want to sleep. #diabetes #sucks #needacure"
"@atechjoe","Diet Foods and Drinks arent Preventing Diabetes, they are Helping Cause it http://t.co/ju90MYhEpu"
"@PriyankaaDesai","RT @TIME: First stem cells cloned from diabetes patient http://t.co/2iIhJDYS5x"
"@RcleonRicardo","RT @OrganicLiveFood: Research shows #organic raw foods can reverse #diabetes &amp; giant Pharma &amp; junk food Co benefit from selling sickness ht"
"@_lyssorlando","@Diego_Avila10 @Eating dude idgaf about diabetes it looks AMAZING"
"@gdc1975","Night hypo, jelly babies, nurofen and no more sleep. Diabetes can be a pain. Now to see whats on the telly."
"@KelseyReckinger","RT @type1girl: but really my endos, family, and friends are the ones that make living with diabetes easier. thank you for supporting me"
"@Alvino_305","@DeejayCombs @LordAbstract @ItsFoodPorn diabetes on a plater lol."
"@Nofrills23","Can you explain to me the difference between type 1 and type 2 diabetes ? NO I FUCKIN CANNOT NOW DISSAPPEAR"
"@yoWTFbrah","RT @motherboard: Insulin-producing stem cells could help fight diabetes: http://t.co/w3VYSstuD3"
"@_TianaCooks","RT @diabetesaur: The worst part of diabetes is when youre not hungry but you know you have to eat so you weigh the options of either eatin"
"@NimfaAguila","RT @rapplerdotcom: We are now closer to treating diabetics with their own insulin-producing cells, says New York Stem Cell Foundation htt"
"@ShantayZ","Im getting diabetes physically and mentally today"
"@_Woman_health","Vitamin D:and Cancers, type 1 diabetes, heart disease, and osteoporosis. http://t.co/lvG6lmawDB"
"@gordonabishop","when are we going to get a fat bald disabled latino type 1 diabetes disney princess?"
"@cabanes","You Can Print Yourself This 2-Cent Diabetes Test, Made To Fight The Disease In Slums http://t.co/LQQQW5jbkD"
"@deidralanae","Like seriously I figured by now I could have my blood sugar all under control. Lol no. I suck at having diabetes lol"
"@SfldPatch","Free Diabetes Screening In Union, April 29 http://t.co/2AgVjpc0Tn"
"@lennymeds","#Stress poses a threat for #diabetes and heart attack by altering blood sugar levels. Learn more here: http://t.co/UU5mvK4m6S@diabeteshf"
"@healthnews24_7","#diabetes #Insulin shots and side effects of #InsulinTherapy http://t.co/yJek3YxTc8"
"@Diabetes_HK","Good skin bacteria helps heal wounds - Mumbai Mirror http://t.co/tinAGpWebx"
"@SerrahL","RT @Lunarteddy: @vhedahealth: With $245B spent on diabetes, #telemedicine looks to cut the cost http://t.co/jfLv75piZO #mhealth #digitalhe"
"@beautypill","@jimspellmanTV The thought of frosted pop tarts gives me diabetes-by-proxy. (Little-known condition.)"
"@Diabetes_bio","News: Recipe for Poor Wound Healing Bacterial Infection Plus Stress http://t.co/Zr89aUkvoU"
"@servantofseitan","...so I thought Id just try WebMD to see if strep has symptoms like mine...apparently I could have anything from diabetes to cancer."
"@AnilKollam","Scientists Create Personalized Stem Cells, Raising Hopes for Diabetes Cure http://t.co/b2AuBvZLKd"
"@BigRod96","You gotta be able to taste the diabetes"
"@0szbts","3 weeks to reverse diabetes. . . . . . http://t.co/fcAsQfhNbc"
"@PPatch_Blog","Type 2 Diabetes: A Doctors Surprising Assertion http://t.co/0hCnHHHCPy via @JerryDeLuca"
"@HannahTadlock","  &amp;  (diabetes) http://t.co/6WBf9zGK3O"
"@NickStrob","@spencerbongiovi:Alright Ill just have one peep!*finishes box**eats box too**gets diabetes**eats 9 chocolate bunny* *sugar coma*"
"@maceealexandra","Walking to work cuts risk of obesity and diabetes. http://t.co/OuWAOVgEE9"
"@Rebel_Nation1","@Respect_isKEY high blood pressure, wrinkles, diabetes maybe?"
"@spencerbongiovi","@NickStrob: @spencerbongiovi: Alright Ill just have one peep!*finishes box**eats box too**gets diabetes**eats 9 chocolate bunny*"
"@natacarol13","RT @EverydayHealth: 7 Foods That Spike Blood Sugar http://t.co/k3igUjd47R"
"@RolfeBrendan","Your kid forgot his cereal, theres a prize in every box; spoiler alert... Its diabetes #puffedsugar #modernfamily #eatrealfood"
"@RoRoxanna_13","RT @pelayoarmando11: #SluttyBrownies tried making some diabetes  http://t.co/HAFrB1jtwj"
"@annekatch","RT @type1girl: but really my endos, family, and friends are the ones that make living with diabetes easier. thank you for supporting me"
"@SoNuke","Cloned embryos yield stem cells for diabetes  The Conscious ..."
"@JackRuddington","Some fat bird on the station is crying like a bitch. Good. I hope diabetes kills you."
"@DiabeticTalks","Do Blood Sugars Impact a Relationship? Yes! Solution Here: http://t.co/NTvL70h46x #Diabetes #dblog #PWD"
"@wifeoftremaine","RT @type1girl: i would give anything to have a cure for diabetes."
"@JesseJRaven","@Behindthemask42 recently diagnosed with Type 2 diabetes - this is of real interest!"
"@VanVaVeu","@ngsokkan im alr getting diabetes, still not daily? Hahaha"
"@j2hanson","Tweaking the routine a bit. Bracing for my first ever shot of Lantus! #diabetes #t1d http://t.co/jMv2RtCPM7"
"@NickStrob","@spencerbongiovi: Alright Ill just have one peep!*finishes box**eats box too**gets diabetes*"
"@bioDiabetes","#Diabetes News: Recipe for Poor Wound Healing Bacterial Infection Plus Stress http://t.co/hXGM3McGjm"
"@JGuimond","RT @motherboard: Insulin-producing stem cells could help fight diabetes: http://t.co/w3VYSstuD3"
"@BlogPodcastVid","RT @For_Sale_ The Type 2 Diabetes Cookbook http://t.co/aY3Po1XMh6 #wine #forsale #tips"
"@jliberatore14","As much as @NoahBadgley jokes about having diabetes or wanting to have it, Im going to actually laugh when you do get diabetes"
"@alaskanews1","http://t.co/INdLzI8XuD - Research suggests Alaska seaweed may be potent weapon against diabetes, obesity http://t.co/jC44hso74C"
"@pelayoarmando11","#SluttyBrownies tried making some diabetes  http://t.co/HAFrB1jtwj"
"@NofadZidonachi","140 Stem Cells Made From Cloned Human Embryos: ...replace pancreatic cells in patients with type 1 diabetes ....  140"
"@Cancers_Curable","8 remedies treat #diabetes naturally:#NNN http://t.co/4rX9bu9eQN"
"@jessicagdep","RT @alldiabetesnews: T1 diabetics and parents of children with diabetes, contribute to this worldwide 2 min survey about carb counting! htt"
"@dinodurmiente","You are my love pretty boy~-muere de diabetes(??)-"
"@AusStemCell","RT @Science_Academy: Potential diabetes therapy: scientists grow insulin-producing cells using cloning techniques http://t.co/lDOYa7SFJv"
"@Alamiam11","Chocolate, caramel, chocolate, ice cream served with a side of diabetes http://t.co/bXHE864Npm"
"@Christianassad","Voluntis raises $29M to bring diabetes app to US http://t.co/uabTyWTqXk"
"@hotsmartusa","#Health - The #diabetes Daily http://t.co/4vjxVV2HO8 | #EatingSlowly - #HotSmart Plates"
"@IndependenceAus","Did you know more than 1 million Australians are living with diabetes? Check out this video about #diabetesstigma... http://t.co/mIHgfWDsYX"
"@hoops_Daddy","RT @Go2Slp: You guys.I just saw a bake sale to benefit a childhood diabetes foundation.The struggle is real."
"@IndieFunds","Mon Apr 28 14 Announcement from Traq Me - Managing Diabetes One Text at a Time http://t.co/RxLNru919L #indie #money"
"@Katie_McD7","@fudgecakescalum: Cinnamon roll pancake, also know as diabetes on a plate #ohamerica square "
"@lalalalynne","an entire box full of diabetes just for our casa  woooo  @Raysay813 http://t.co/Zhm05PZeeM"
"@darryontaylor","HEALTH FACT: By the year 2020 77% of men and 53% of women will have dysglycemia (either diabetes or pre-diabetes) http://t.co/uYqNC3sQ7d"
"@lexalay_","@SpencerDuncan nah I need bread. Lol you tryna get diabetes out here "
"@JoannahBailey","RT @HuffPostCanada: Stem cell advancement may bring new diabetes treatments http://t.co/atxVO2CqQy"
"@ForeverMayell","@CHlLDHOODRUINER: Chocolate Chip Oreo Brownies  http://t.co/1UbotwLO1b So much diabetes in one picture.... I LOVE it !!"
"@incbizz","#sfyoganews Kind 2 Diabetes Guide http://t.co/1JOh7LdmS2"
"@a_gar13","@BachBaum gettin my diabetes swag on"
"@MileHighBecky","The yucca root in my smoothie eases diabetes symptoms, protects skin from UV damage and helps prevent arthritis and cardiovascular disease."
"@swiz","RT @jenmturnbull: According to Food Inc. movie, 1 in 3 Americans born after 00 will have diabetes...tragic #foodinc"
"@DCSontheroad","RT @alldiabetesnews: T1 diabetics and parents of children with diabetes, contribute to this worldwide 2 min survey about carb counting! htt"
"@Diabetes_360","Sorry Ive been so quiet lately guys &amp; girls. Ive been absolutely buried with study. Its craaaaazy busy!!! That... http://t.co/QKZwkesdzh"
"@fudgecakescalum","Cinnamon roll pancake, also know as diabetes on a plate #ohamerica"
"@villartsontwit","RT @rapplerdotcom: We are now closer to treating diabetics with their own insulin-producing cells, says New York Stem Cell Foundation htt"
"@Mr_Kapowski","RT @Go2Slp: You guys.I just saw a bake sale to benefit a childhood diabetes foundation.The struggle is real."
"@motherboard","Insulin-producing stem cells could help fight diabetes: http://t.co/w3VYSstuD3"
"@QualcommVenture","RT @youngjhmb: Welcome @Voluntis to @QualcommVenture Life Fund portfoliohttp://t.co/h2IhewgUQH #digitalhealth #venturecapital"
"@jacekkorneluk","Rates of newly diagnosed type 1 diabetes remain stable in Australia (AIHW) http://t.co/n7MXPh3AwR"
"@16January1979","Cinnamon Roll Pancakes ..... sounds like diabetes"
"@Wojciehowicz","The Carpenters - Jambalaya ( Live at Budokan - 19: http://t.co/8gZydoyfE4  Diabetes in a musical form."
"@healthyojas","Is Type 2 Diabetes an Autoimmune Disease? According to Medical News Today, a study in Nature Medicine  http://t.co/hvr1KFk3Uq"
"@ramram2you","@newscientist: Custom-made embryonic stem cells coaxed n2 d insulin-producing cells dat r lost in type 1 #diabetes http://t.co/UIUeyTRNLA"
"@MzBootzy","@KingOfDaMisFits  Ummm Sir, dont let these crazy twitter pics distract you. Thats nothing but diabetes on a plate."
"@VinetteCianni","Having sex at least once per week can lower a mans risk of heart disease by 30%, stroke by 50% &amp; diabetes by 40%.bit.ly/vlUUNU"
"@EvilJeffZucker","RT @GoInsideScience: Researchers use stem cells to treat diabetes. https://t.co/yBZdwddnxv http://t.co/hbWXFPFvHy"
"@chatoloco1","Between my diverticulitis , diabetes,  and planterfacioudos im a mess health wise"
"@leestidam8","RT @type1girl: but really my endos, family, and friends are the ones that make living with diabetes easier. thank you for supporting me"
"@nessisms","@mrsbojane life would be easier without diabetes or pregnancy restrictions. For example I could eat a ham sandwich."
"@lexijay97","RT @neeliE_araS: I really do just hate diabetes"
"@WXGN","Jason Dunn DIabetes Foundation - Jason Dunn http://t.co/UP1M8lNaVo #wxgn #nowplaying #listenlive"
"@Neeky_Poo","nah I cant with that hersheys rn I will get diabetes or a dred sugar rush"
"@HeSoCheesy","This is bacoN COVERED IN CHOCOLATE IM SO TORN BETWEEN LUST AND SHAME AMERICA COME ON THIS IS DIABETES ON A STICK http://t.co/FaWKvMSU0G"
"@rollthtblunt21","RT @Maxi__pads: Just copped the Diabetes 12 http://t.co/5ho3bFPmvg"
"@elanawurm","RT @type1girl: but really my endos, family, and friends are the ones that make living with diabetes easier. thank you for supporting me"
"@NecySimplyMe","Diabetes aint no fun at all I hate I gotta go thru this"
"@DiabetesyBdP","New post: Diabetes Questions: I have Type 2 diabetes. My doctor recommends glucophage. What do http://t.co/FaoVoH94CP de"
"@emilyolsennn","@type1girl: but really my endos, family, and friends are the ones that make living with diabetes easier. thank you for supporting me"
"@healthyojas","Coffee may reduce risk for type 2 diabetes A new study  published in the journal Diabetologia  http://t.co/YvExroih6Q"
"@Mikenzie_Leanne","RT @type1girl: but really my endos, family, and friends are the ones that make living with diabetes easier. thank you for supporting me"
"@PhilipCSwanson","No worries guys, I found the wikipedia page! http://t.co/dZwX2HBITy Phew! For a sec, I thought Id never know which movies mention diabetes."
"@a_j_lord","@SheswantstheD: My. God. Cinnamon Roll Pancake http://t.co/cfSAa0xH2U DIABETES ON A PLATE"
"@Plenny_Cashh","My baby always wanna go to drakes. Gon fuck around &amp; get diabetes"
"@Alicia_Marie103","5 Steps To Reverse Type 2 Diabetes and Insulin Resistance - Dr. Mark Hyman http://t.co/A73WcZbZzU"
"@winterride","Today I was put on the Islet Cell Transplant Waiting list And shortly After being a diabetic all my life I will be set free GOODBYE DIABETES"
"@Diabetesview","Scientists Create Personalized Stem Cells, Raising Hopes for Diabetes Cure - National Geographic http://t.co/WcYIBpzdb0"
"@DiabetesTweets","Scientists Create Personalized Stem Cells, Raising Hopes for Diabetes Cure - National Geographic http://t.co/7l77wDjBJu"
"@TheCryptoCartel","RT @EMC2Foundation: Official #AMA on #science #reddit with our second winner Theresa L. OKeefe, Ph.D. from @MendTherapeutic to be announce"
"@Tereleon52Tere","RT @WSJ: A new development in embryonic cloning shows promise in treating diabetes: http://t.co/nKrlm7LOT2 (Photo: Reuters) http://t.co/dBF"
"@NicoleHonesto","RT @type1girl: but really my endos, family, and friends are the ones that make living with diabetes easier. thank you for supporting me"
"@xodanix3","RT @SupportSDrez: New York @AICHNYC: Friendly Reminder! Free #Diabetes Self-Management Workshops held here at #AICH. http://t.co/Rx6zo2FiN"
"@SandySidhu","The Fast Diet: An easy way to lose weight &amp; lower your risk of diabetes, heart disease &amp; cancer! http://t.co/OVM1zhcQUn via @clairekerslake"
"@type1girl","but really my endos, family, and friends are the ones that make living with diabetes easier. thank you for supporting me"
"@QCSuperMOM","DYK: North and South Carolina are among the states with the highest rate of diabetes at almost 10%?  Or that 79... http://t.co/96LzP9zASV"
"@SupportSDrez","New York @AICHNYC: Friendly Reminder! Free #Diabetes Self-Management Workshops held here at #AICH. http://t.co/Rx6zo2FiNJ"
"@munevarjuan","RT @CBSHealth: Stem cell cloning may be aid treatment for diabetes http://t.co/1rYrjxFb0O"
"@SabrinaO0318","@ashley_white Boiling diabetes and minor rage outbursts."
"@pulistbook","http://t.co/0uKD7M0Mk1 #Advanced #Glycation #End #Alzheimer How Does Diabetes Accelerate Alzheimer Disease Pathology?"
"@joshua_mccray","RT @FactBibIe: One can of soda a day increases your chances of getting type 2 diabetes by 22%."
"@2diabetes","the facts about diabetes http://t.co/egQm3iBbLQ utube diabetes 44:05"
"@DiabeticTalks","Depression and Diabetes: Which Came First? http://t.co/lSx7QPSCxU #Diabetes #Diabetic #PWD #dblog"
"@Imsirbizzle_","@lovinggfaux too much water or diabetes?"
"@rehstewart","RT @poisonn_ivy3: Adam: I have to pee again.Me: you just went literally 5 minutes ago.Adam: I think I might have diabetes. #doubtit @Ada"
"@lindsay__pierce","RT @surrruh_hurds: One time I lied and told people I had diabetes and that my sugar was low so I could be first in line for donuts. Laura"
"@Christine_1218","RT @4Paths2Wellness: Diabetes: My Personal Story http://t.co/zH29LdqM5o via @4Paths2Wellness My personal #blog on my battle with #diabetes."
"@AlertDiabetes","Comment on JDRF on Stem Cell Research Boost: An Interview with Larry Soler by where http://t.co/GhysdBxidw #diabetes #health"
"@snivelsandbits","@Mike_Loughman you dont know that man. I could be breathing in pure diabetes and not even know it"
"@For_Sale_","RT @For_Sale_ The Type 2 Diabetes Cookbook http://t.co/Tgcj1rCTKp #wine #forsale #tips"
"@BlogPodcastVid","RT @For_Sale_ The Type 2 Diabetes Cookbook http://t.co/zBSUmlIoG3 #wine #forsale #tips"
"@SuanneHowes","RT @EverydayHealth: 7 Foods That Spike Blood Sugar http://t.co/k3igUjd47R"
"@_kayleesawyer_","@Marie_Sexe we could make tons of money.. and diabetes."
"@kaiilaj","i only had a cup of soda and now I feel like i have diabetes"
"@Imjus_pretty","@LordAbstract diabetes on a plate"
"@newshourbd","Cloning approach makes diabetes stem celladvance http://t.co/sNo6Uq9qze"
"@mstorabby","Sad news: im forcing myself to go get tested for diabetes soon because I think I have it :("
"@ilvmntnbkng","RT @Jp_Johnson_20: #tbt when I was on the brink of diabeetus And yes I know thats not how you spell diabetes http://t.co/jP0PGADYLu"
"@Jp_Johnson_20","#tbt when I was on the brink of diabeetus And yes I know thats not how you spell diabetes http://t.co/jP0PGADYLu"
"@LunaVaidya","@ncbn @narendramodi yes, u did developmnt but never planned for green devlpmnt..soon Hyderabad would have high population of diabetes,cancer"
"@ThePrime_Mapp","As a joke I say no to chocolate from my dad cuz Ill get diabetes. What, youll only get it when its dark? Youre dark all the time ..."
"@AshleyPace10","RT @EverydayHealth: 9 Foods You Should Eat for Diabetes http://t.co/nVTpMaj1R2"
"@lshanky","RT @DiabetesHopeFDN: Diabetes Hope Foundation Invests in the Success of Youth with DiabetesMore than 40 students will receive... http://t"
"@_babyadri","@RowdyHaack Yeah I use it to keep track of what I eat too especially my carb intake cause of my diabetes. its a pretty cool app! thats good!"
"@brenna_julia","I swear sometimes my sisters diabetes gets out of control"
"@RichMonetti","#SouthAfrica UCI Cycling Kate Marshall #WhitePlains #Westchester http://t.co/ADrjiLS8Xf"
"@NEEKSdeguzman","RT @rapplerdotcom: We are now closer to treating diabetics with their own insulin-producing cells, says New York Stem Cell Foundation htt"
"@YockovJeff","@michaelstrahan rt BHOP 4ds May 9 7:30am Joe Hand Gym Philly donate at door benefit Juv diabetes Resear Foundation http://t.co/LOUtFypAYQ"
"@flairforstyle","RT @WSJ: A new development in embryonic cloning shows promise in treating diabetes: http://t.co/nKrlm7LOT2 (Photo: Reuters) http://t.co/dBF"
"@MichaelToledo","RT @APVillanueva: Excellent! RT @latimes: Drinking more coffee may decrease your risk of developing Type 2 diabetes, new study shows: http:"
"@Mike_Loughman","@snivelsandbits its vaping not fucking diabetes, dude."
"@munevarjuan","RT @StemCells: Cloned embryos yield stem cells for diabetes http://t.co/OSWPxspr9V"
"@queentungol","RT @AcneSkinSite: Reasons to Give up Soda:- Messes with skin- Rotting teeth- Weight gain/ belly fat- Diabetes/ heart disease- Impaired"
"@ashley_white","@SabrinaO0318 yeah, theyre really sugary. So much sugar. Does something to the blood. Boiling diabetes, perhaps?"
"@mador_joanne","The Truth About Exercise - http://t.co/wkfPjWJSdV via @DailymotionUSA The start to my investigation into beating diabetes. #prof210"
"@DammitDamian","New podcast w/ KEITH MORRIS @offofficial! We talk in depth about diabetes death &amp; what keeps him going!http://t.co/9kPrCzMNB8 @VICERECORDS"
"@DSturdi","we ride in 5 days!!!...... (although I ride this diabetes ride every day :p) http://t.co/iGLIDsAowR"
"@ImEthanK","Nah thats high cholesterol with a side of diabetes @BrionnaReynolds: Thats heaven in 7 bags  http://t.co/vMa2OeuV6B"
"@_MackDaddyTre","RT @YaBishTrap: #TweetLikeYouGottaDarkSkinBae All this CHOCOLATE and all my diabetes what am I gonna do!"
"@kristenpspeller","RT @OrganicLiveFood: Research shows #organic raw foods can reverse #diabetes &amp; giant Pharma &amp; junk food Co benefit from selling sickness ht"
"@erika_lowery","I hate it when my parents make me feel bad about having diabetes. It happened. Get over it."
"@Ben_M_Berry","Hey gang give $$ to @dwuori fundraising for Tour de Cure http://t.co/rW70YMA30H and then suggest a song to get stuck in his head during ride"
"@Sofia_Austin7","@amenkardashian *DIABETES* learn how to spell."
"@NoahBadgley","If I could have any disease,I would want scurvy.Because pirates have scurvy and pirates are badass.Plus Im 99% sure i already have diabetes"
"@Live__Healthy","Mulberry shown to tame cancer, diabetes, inflammation, Alzheimers and More: http://t.co/w9DhQ615fJ"
"@YaBishTrap","#TweetLikeYouGottaDarkSkinBae All this CHOCOLATE and all my diabetes what am I gonna do!"
"@BDSupperClub","RT @dwuori: Im only $118 from 4th place in SC Tour de Cure fundraising for @AmDiabetesAssn. Id so appreciate your support. http://t.co/6m"
"@seebus1","Diabetes research: Good news for caffeine addicts?"
"@GrandFathrTiddy","Everybody wants diabetes"
"@PermIMedJobs","RT @JAMAInternalMed: Effects of Telephone-Based Peer Support in Patients With Type 2 Diabetes Mellitus Receivi... http://t.co/cjEVkvv9dl"
"@gosselinjeh","RT @Maxi__pads: Just copped the Diabetes 12 http://t.co/5ho3bFPmvg"
"@LindaPantusa","@ErikKarlsson65 Could you pls RT-Please help raise awareness &amp; support our fundraising efforts for Cdn Diabetes Assoc http://t.co/qvGoezKScL"
"@dominickcosta","@Sullyvanskikins @LisaComento @ant_kneee @McGuireMeredith @getcrackin @CCtoMB jealous .. Im heading closer to diabetes this weekend.."
"@Get_naija","#seethis Could hot-wiring kidneys help beat diabetes? Doctors believe procedure will improve the way body... http://t.co/iY41muzDns"
"@Becky_Miller5","RT @DiabetesHopeFDN: Diabetes Hope Foundation Invests in the Success of Youth with DiabetesMore than 40 students will receive... http://t"
"@stretch4444","RT @jkvedar: The Global Diabetes Epidemic, via @nytimes http://t.co/HDPWQR3iFy"
"@TywandaMJackson","Coffee may reduce risk for type 2 diabetes http://t.co/6y7f1anKf6"
"@ItsLegalyDalila","My kool aid be tasting like diabetes "
"@fionnbass","Wow! Coffee may help keep diabetes away - WWL First News - WWL First NewsCoffee may help keep diabetes awayWWL Fir... http://t.co/8096NOF8Wq"
"@BcbbleGcm","I sob over when i remeber my mom has to take a pill everyday or she dies and my dad has diabetes thar i probably will too  @KittyPcws"
"@_SkipLouSkip","@vinnymillobaby @LisiMichelle my neck look like it suffers from diabetes"
"@Get_naija","#seethis Could hot-wiring kidneys help beat diabetes? Doctors believe procedure will improve the way body... http://t.co/MGrAIqdffu"
"@thebeansource","Heres an interesting... http://t.co/mVurPWdWsC"
"@da_lil_mokestah","RT @TheNewSAT: #NewSATQuestionsPaul has 47 Hersheys Bars. He eats 31, and gives 8 to his friend. What does Paul have now?a.) 16b.) 8c.)"
"@castellani","RT @OrganicLiveFood: Research shows #organic raw foods can reverse #diabetes &amp; giant Pharma &amp; junk food Co benefit from selling sickness ht"
"@mike824199","Wtf? You mean diabetes? I hope thats a joke cause if not u dumb af http://t.co/Lg16GzxqhD"
"@Nodak_kid23","The way the wild are playing is giving me diabetes. #thissucks #daytopper"
"@fleur_CestLaVie","RT @EverydayHealth: 7 Foods That Spike Blood Sugar http://t.co/k3igUjd47R"
"@dakotarpeters","@ItsFoodPorn this is diabetes on a plate"
"@greenvideos","RT @OrganicLiveFood: Research shows #organic raw foods can reverse #diabetes &amp; giant Pharma &amp; junk food Co benefit from selling sickness ht"
"@Chad_Cang","Oh, hello sugar coated diabetes, mean crinkles.#NoAbsAgainThisYear"
"@logandaugherity","RT @Maxi__pads: Just copped the Diabetes 12 http://t.co/5ho3bFPmvg"
"@paulnikonov","RT @rapplerdotcom: We are now closer to treating diabetics with their own insulin-producing cells, says New York Stem Cell Foundation htt"
"@NRBaybee","RT @Dropdeadcunts: Do you eat so much candyThat you know youre going to dieOf diabetes and dont care? I know I do lol"
"@EMC2Foundation","Official #AMA on #science #reddit with our second winner Theresa L. OKeefe, Ph.D. from @MendTherapeutic to be announced soon. #Diabetes"
"@StephenCody2","Cfod robustness communications: foods towards unite swish thine frugal fritz diabetes gathering think: que"
"@1MEDICAL2NEWS","RT @diabetesblogs: Comment on JDRF on Stem Cell Research Boost: An Interview with Larry Soler by where http://t.co/B3os7Wg85N #diabetes #db"
"@zach_roeske","RT @Maxi__pads: Just copped the Diabetes 12 http://t.co/5ho3bFPmvg"
"@SummerSeaSalt","Host: While youre here, would you like to complain about an American product?Chinese: Hmm what do American make...Does Diabetes count?"
"@Long_JawnSilver","RT @NiamaThomas: @KevinHeart2Real: If you cant taste diabetes, you aint doing it right http://t.co/fgANfNnuNC @zuriadimu"
"@MeBeHealthy","RT @EverydayHealth: 7 Foods That Spike Blood Sugar http://t.co/k3igUjd47R"
"@markolson22","RT @melissakilbane3: I just saw a comment on someones Instagram that said I just got diabetes, this is so sweet ..........stop"
"@seccyretta","RT @Dropdeadcunts: Do you eat so much candyThat you know youre going to dieOf diabetes and dont care? I know I do lol"
"@katieisbell","ive officially had type one diabetes for five years today. cant even wrap my head around that. so grateful for everything."
"@wonderlauren","Am I gonna have diabetes in the morning"
"@ZRJobs","RxSalesPros is hiring District Sales Manager Diabetes - Palm Springs, CA http://t.co/MrWruDJUbz #jobs"
"@SanDiegoWebJobs","#Blog #jobs Diabetes Community Host: real time congratulatory communications and messaging. Write at least one... http://t.co/R1JtEN8ipI"
"@MLGHoNoReD","@SheswantstheD thats looks like diabetes on a plate"
"@OrganicsDeliver","RT @OrganicLiveFood: Research shows #organic raw foods can reverse #diabetes &amp; giant Pharma &amp; junk food Co benefit from selling sickness ht"
"@nicvan7","Crawling very slowly through Lets Explore Diabetes with Owls. Dont want it to end. #davidsedaris #gimmeanotherbook"
"@Canoe_Glider","RT @OrganicLiveFood: Research shows #organic raw foods can reverse #diabetes &amp; giant Pharma &amp; junk food Co benefit from selling sickness ht"
"@menaka1978","Advancements in medical treatments for diabetes http://t.co/Lak8EadRbM"
"@KellyStarns","Do You Know How To Reverse Your Diabetes? Learn From These Simple Tips http://t.co/n5URkapNQX"
"@HunterOnTheJonn","So ive consumed enough sugar today to give an elephant diabetes... Feeling great."
"@ConcordeMedica","Med Bizz News: Embryonic Cloning Shows Promise in Diabetes Treatment http://t.co/4y07VbGTiy"
"@Estilosa_pr","Im giving away: Diabetes Sustenance eBook. Check it out - http://t.co/pmL8JOlJFD #listia"
"@InnaSantinna","RT @rapplerdotcom: We are now closer to treating diabetics with their own insulin-producing cells, says New York Stem Cell Foundation htt"
"@4_monica","RT @dwuori: Im only $118 from 4th place in SC Tour de Cure fundraising for @AmDiabetesAssn. Id so appreciate your support. http://t.co/6m"
"@dt4wl","Increasing consumption of coffee associated with reduced risk of type 2 diabetes, study finds http://t.co/nHpy2hs5dc"
"@GiftedSheIs_","McCdonalds, Wendys, and Cookouts tea is diabetes in a cup  "
"@tradetheday_","I bet these key employees are all cheaply insured ie theyre not paying for the overweight 50 yr old w diabetes. That premiums too high.."
"@Obgnics","RT @OrganicLiveFood: Research shows #organic raw foods can reverse #diabetes &amp; giant Pharma &amp; junk food Co benefit from selling sickness ht"
"@nixielol","RT @rapplerdotcom: We are now closer to treating diabetics with their own insulin-producing cells, says New York Stem Cell Foundation htt"
"@HBS110","A soda a day keeps the doctor in pay: soft drinks and diabetes via @conversationedu http://t.co/3dy0xtoDLz"
"@LowesFoodsCOAST","Light and Healthy Groceries for Diabetes! http://t.co/4hmh91y4uC via #SmartShopper @CindySilverRD"
"@LFSSavings","Light and Healthy Groceries for Diabetes! http://t.co/58xsk3oPR4 via #SmartShopper @CindySilverRD"
"@OrganicLiveFood","Research shows #organic raw foods can reverse #diabetes &amp; giant Pharma &amp; junk food Co benefit from selling sickness http://t.co/QEPbCrcJYP"
"@ItsMeVtsg","RT @rapplerdotcom: We are now closer to treating diabetics with their own insulin-producing cells, says New York Stem Cell Foundation htt"
"@Possyboots","@xxJadeJones No! I have gestational diabetes! Oh my god"
"@APVillanueva","Excellent! RT @latimes: Drinking more coffee may decrease your risk of developing Type 2 diabetes, new study shows: http://t.co/FvI3mnCHxL"
"@billy_tsiv","RT @Maxi__pads: Just copped the Diabetes 12 http://t.co/5ho3bFPmvg"
"@LowesFoodsWS","Light and Healthy Groceries for Diabetes! http://t.co/pg5nOULzmR via #SmartShopper @CindySilverRD"
"@LowesFoodsRDU","Light and Healthy Groceries for Diabetes! http://t.co/AWOrMlwHlo via #SmartShopper @CindySilverRD"
"@NorbertB_32","RT @Maxi__pads: Just copped the Diabetes 12 http://t.co/5ho3bFPmvg"
"@DeborahBarnes15","Splenda (Sucralose) Found To Have Diabetes-Promoting Effects http://t.co/iOdXVniRrL"
"@RAEmonstuhh","#Diabetes re-did my ribbon with my cuzzo again yesterday. http://t.co/QJbdZKuRrr"
"@PPBIOConsWW","RT @WSJhealth: Embryonic Cloning Shows Promise in Diabetes Treatment http://t.co/4DOHlXN7K9"
"@rapplerdotcom","We are now closer to treating diabetics with their own insulin-producing cells, says New York Stem Cell Foundation http://t.co/vYobAclFZN"
"@Curejoy","Jon Curejoy Diabetes community to ask Free Expert Questions, read Diabetes related Articles http://t.co/WO0UltSqr8 http://t.co/53X9pwG6Ug"
"@LowesFoods","Light and Healthy Groceries for Diabetes! http://t.co/fiutHu8NYU via #SmartShopper @CindySilverRD"
"@LowesFoodsGso","Light and Healthy Groceries for Diabetes! http://t.co/IROYLanTT3 via #SmartShopper @CindySilverRD"
"@LowesFoodsWest","Light and Healthy Groceries for Diabetes! http://t.co/rWBwRftnXn via #SmartShopper @CindySilverRD"
"@dietadvice2","The Journal of Sexual Medicine reveals that in obese men with type 2 diabetes, weight loss improves erectile function and sexual desire! :-)"
"@DiabetesTuz","Could More Coffee Lower Your #Diabetes Risk? http://t.co/dCgwtL26ro #data #goodhealth #health"
"@Step_Up14","RT @JosephHud16: Kool aid, if you aint taste the diabetes you not doin it right."
"@pam_pixie771","Dining with Diabetes | MSU Extension http://t.co/OVESWqWwXs"
"@NikkiRichStTMTL","RT @1NikkiLund: Thank you Robert @kantorguitars for making the #beautiful @KentuckyDerby @therealsambora #diabetes http://t.co/DLSwKtH2Ro"
"@Andysan_37","I pray that @urinate_ doesnt get diabetes every night"
"@JerryDeLuca","New post Type 2 Diabetes: A Doctors Surprising Assertion  #diabetes .. #HeartDisease .http://t.co/QUBRkPyCvd"
"@diabetesblogs","Comment on JDRF on Stem Cell Research Boost: An Interview with Larry Soler by where http://t.co/B3os7Wg85N #diabetes #dblog"
"@JPattonBrands","The future of diabetes prevention lays in the hands of senior NACDD consultant Marti Macchi. Happy birthday Marti!"
"@MzzBodacious","RT @EverydayHealth: 7 Foods That Spike Blood Sugar http://t.co/k3igUjd47R"
"@FactBibIe","One can of soda a day increases your chances of getting type 2 diabetes by 22%."
"@CaudillAlly","Always take perfect care of myself because if my diabetes. Its just so tiring &amp; stressful"
"@AjaniV","RT @_ReCheri: @AjaniV but not the diabetes "
"@GrenDougherty","RT @SiobhanAlexand: A Harvard University study found that high daily magnesium intake reduced the risk of developing #diabetes by 33% (http"
"@LoveLalaxo","RT @NewSATQuestion: #NewSATQuestionsPaul has 47 Hersheys Bars. He eats 31, and gives 8 to his friend. What does Paul have now?a.) 16b.) "
"@BeckNoni","Improve your health, helps with chronic pain, fibromyalgia, diabetes even cancer. Check out my site!"
"@Baseik","RT @BlogPodcastVid: RT @For_Sale_ The Type 2 Diabetes Cookbook http://t.co/saSt7igyi7 #wine #forsale #tips"
"@RealMartinCruz","RT @JosephHud16: Kool aid, if you aint taste the diabetes you not doin it right."
"@diabetes_probz","Getting low after you brush your teeth is literally the worst."
"@Natee0_","RT @Maxi__pads: Just copped the Diabetes 12 http://t.co/5ho3bFPmvg"
"@KoolKiddShan","RT @Maxi__pads: Just copped the Diabetes 12 http://t.co/5ho3bFPmvg"
"@minoskookie","RT @annavTERTIN: EXOS SONG:Heart Attack And now..OverdoseNext one is..StrokeThen,Diabetesso done bye"
"@garik16","Oh yeah, @C4LMarathon is to raise money for JDRF Canada for diabetes research and treatment.  In case the RPGs werent enough."
"@krs21da","Coffee lovers: Drink up to reduce your risk of Type 2 diabetes http://t.co/LGoNXixMtJ"
"@Jsica_GG","Coffee lovers: Drink up to reduce your risk of Type 2 diabetes http://t.co/vDEpiMdM2D"
"@health_plan","Co-Workers, Families and Friends Step Out to Stop... http://t.co/IV8054od9D"
"@KangenGaa","Coffee lovers: Drink up to reduce your risk of Type 2 diabetes http://t.co/zMEyoVl6cQ"
"@DiabeticTalks","Living with Codependency? My diabetes can wait after all he or she has such potential! http://t.co/eOl8YTD3ex #diabetes"
"@The_BigShoenay9","RT @Maxi__pads: Just copped the Diabetes 12 http://t.co/5ho3bFPmvg"
"@SwagRanger69","@raremendes: camerons sperm is so sweet it gave me diabetes haha "
"@JakaiPenrose","RT @Maxi__pads: Just copped the Diabetes 12 http://t.co/5ho3bFPmvg"
"@diabetes_is_me_","RT @FunnyPicsDepot: lmao im done  http://t.co/f61TUgmA2B"
"@Possyboots","@FaeryRae gestational diabetes!!!!!!! Im goi g to pass out"
"@Braillemansmum","RT @alldiabetesnews: T1 diabetics and parents of children with diabetes, contribute to this worldwide 2 min survey about carb counting! htt"
"@pokemonstyIes","I think I scared Alysha off with my tweet I think I scared everyone off with my tweet about SUGA and DIABETES Im so sorry"
"@eliisexy_","RT @Maxi__pads: Just copped the Diabetes 12 http://t.co/5ho3bFPmvg"
"@Brandon78520716","@Maxi__pads: Just copped the Diabetes 12 http://t.co/M16X39k9rQ"
"@jbarnes13645","@RobertRelf: Lo Los gotta chill w/ da sugar in the koolaid Im about to die drinking this http://t.co/aErcyBsXJz or get diabetes "
"@LaurenSolomon_","Sometimes diabetes has its perks. Like not having to go to school tomorrow."
"@_xoxocashh","RT @Maxi__pads: Just copped the Diabetes 12 http://t.co/5ho3bFPmvg"
"@ottman_moreno","RT @alldiabetesnews: T1 diabetics and parents of children with diabetes, contribute to this worldwide 2 min survey about carb counting! htt"
"@raremendes","camerons sperm is so sweet it gave me diabetes"
"@angelique_freak","RT @NewSATQuestion: #NewSATQuestionsPaul has 47 Hersheys Bars. He eats 31, and gives 8 to his friend. What does Paul have now?a.) 16b.) "
"@JosephHud16","Kool aid, if you aint taste the diabetes you not doin it right."
"@juliangel27","@DaveHough12 are you aware that there is a huge possibility that some close familiar or yours has morbid obesity or diabetes? AmeriFAT"
"@Sulcabrush","Sulcabrush fights gum disease caused by diabetes. Sulcabrush Pocket Pack - FREE shipping with $25 order with Coupon Code freeship25"
"@Diabetes_Month","RT @Frentecivico: #Diabetes new frontier: China http://t.co/CCWHOTtaaT     114Million in #China have #DUNKtheJUNK #obesity #NAFL #heartdis"
"@DiabesityChat","RT @Frentecivico: #Diabetes new frontier: China http://t.co/CCWHOTtaaT     114Million in #China have #DUNKtheJUNK #obesity #NAFL #heartdis"
"@DunkTheJunkFood","RT @Frentecivico: #Diabetes new frontier: China http://t.co/CCWHOTtaaT     114Million in #China have #DUNKtheJUNK #obesity #NAFL #heartdis"
"@neeliE_araS","I really do just hate diabetes"
"@DrBoxerWachler","9 Foods You Should Eat for Diabetes http://t.co/DKYrYERJBS via @EverydayHealth keeping #diabetes controlled can help #eyehealth &amp; #vision"
"@gabrielitacuba","RT @valerinashoes: Lets form a prayer circle for @gabrielitacuba so she may avoid getting diabetes from all the sweets she has eaten. http"
"@_paytonnnoble","If your sweet tea doesnt taste like diabetes. Youre doing it wrong."
"@fieldingmadison","Endocrinology appointment tomorrow): no school for this girl #doctors #diabetes #ahh"
"@_saraaanic","RT @diabeticprobz1: Can John Green write a book about two teenagers with diabetes who fall in love? #TheFaultInOurPancreas"
"@BreeAgustin","RT @EverydayHealth: 7 Foods That Spike Blood Sugar http://t.co/k3igUjd47R"
"@ImOnly_Bee","That looks like diabetes on a plate"
"@valerinashoes","Lets form a prayer circle for @gabrielitacuba so she may avoid getting diabetes from all the sweets she has eaten. http://t.co/xZQ3OAqmjH"
"@sarahhjobrienn","Justin just made the best point ever if u cant taste the diabetes u aint doing it right  #fgp http://t.co/Pwl8doiw3g"
"@FoodforLife4","Schedule | Reversing Diabetes World Summit http://t.co/BLQRw3YiWV"
"@ign0rancia","RT @nickjonas: Things to be grateful for.. My last diabetes check up I had my best numbers ever. #healthydiabetic"
"@Isabellaateresa","Jaden: cinnamon rolls are ready, I call the one with most icing !Me: that gives you diabetes.. Jaden: diabootys ??"
"@pokemonstyIes","@harrybeluga WOAH WOAH WOAH SLOW DOWN SUGA YOURE GIVING ME DIABETES"
"@NotiSalud","RT @alldiabetesnews: T1 diabetics and parents of children with diabetes, contribute to this worldwide 2 min survey about carb counting! htt"
"@T2diabetesguru","Dulaglutide betters Sitagliptin in Type 2 Diabetes  year long US study #diabetes http://t.co/xmP8KG2jY8"
"@TrueLPS","Id love to swim in a pool of cookie dough, but I feel like salmonella, diabetes, or hypothermia would take me first."
"@brosaleigh","I never had a problem with diabetes when I was doing all that cocaine!!! -my grandpa"
"@__BriAntoinette","RT @_KlearlyKrista_: @ItsFoodPorn: Cinnamon Roll Pancake http://t.co/3DFRO6Bd0pdiabetes on a plate "
"@annacshouv","RT @haydenparrill_: @annacshouv I think my diabetes is flaring up, hows yours?"
"@satank1ttyy","RT @LivStoner: If the saying you are what you eat was true, I would be a burrtio filled with ice cream and diabetes"
"@sherrybart72","RT @EverydayHealth: 7 Foods That Spike Blood Sugar http://t.co/k3igUjd47R"
"@BessieGoldman","Discernible: the unlooked-for dithering doubtlessness random diabetes!: jBIBbxd"
"@Brad_Shaw_22","@kelsterrsss fancy people must have diabetes"
"@AngieYQ","RT @boltyboy: RT TraqMe is crowdfunding to make Diabetes management simpler than ever before. No Downloads ,just texting! http://t.co/w1fqq"
"@YockovJeff","@CutonDime25 BHOP going 4ds May 9 7:30am Joe Hand Gym Phila benefit Juvenile Diabetes Resear Found donate at door http://t.co/UaOlQjlvee"
"@Jukaspalmoil","Add Tamarind Fruit In Your Water, Loose Weight &amp; Control Diabetes. #African #Ancient #health #secret! via @pinterest http://t.co/NXnV7fp5mr"
"@katieisbell","five years ago today i was diagnosed with type one diabetes. every year, i go to the cheesecake http://t.co/41JiVsRg45"
"@___Odio___","Sometimes I think I have diabetes"
"@_KlearlyKrista_","@ItsFoodPorn: Cinnamon Roll Pancake http://t.co/3DFRO6Bd0pdiabetes on a plate "
"@WLKitchens","@EverydayHealth 9 Foods You Should Eat for Diabetes http://t.co/1EJt1JqkNt http://t.co/og0cz1afBe"
"@CDA_DCamps","We have FAMILY CAMPS this spring in BC, AB, ON &amp; NB! Go to http://t.co/ED6U6Tgxqv  to register today. #diabetes #T1D http://t.co/xSHfcMDGhu"
"@mommy_diabetes","Irenes Daily Social is out! http://t.co/7gaZ8ovHYJ Stories via @Diabetes4cast @Jawbone"
"@His_MamaCita","I need make a doctors appointment again for my diabetes smh crazy man it is"
"@helvelyn1960","RT @parthaskar: If this doesnt convince all of the importance of 7 day diabetes inpatient cover...what else will?  http://t.co/adrwyoBGwk "
"@LeilaGabriela23","RT @Mededucation101: @LeilaGabriela23 Must read here: http://t.co/TyCcMq3pJx for some clinical diabetes meds info"
"@SonOfTheDude","RT @MerckxProject: Consider giving @dwuori a few quid for his Tour De Cure effort.... http://t.co/w4kQc2jGxr"
"@jewfrodrummer","RT @ScottSeigel: Eye spy with my little eye..... Diabetes http://t.co/94Zaf6Fw5i"
"@BecauseRachel","I enjoy making bae brownies I wish I could do it everyday but he would get diabetes ya feel lmao"
"@DiabeticTalks","DiabeticTalks blogs weekly at http://t.co/uNmFB1kLde #Diabetes #diabetic #Diabeticproblems #PWD #dblog"
"@Medi_Health","RT @EverydayHealth: 7 Foods That Spike Blood Sugar http://t.co/k3igUjd47R"
"@BBGNetwork","#NOW PLAYING  - Diabetes Awareness PSA #BBG NETWORK"
"@Mommymasters","Guest Post: Where to Start with Type 2 Diabetes for Kids - Mommy Masters welcomes guest... http://t.co/PYH4No2OPV #Education #Food #Medical"
"@Diabetes_Month","RT @alldiabetesnews: T1 diabetics and parents of children with diabetes, contribute to this worldwide 2 min survey about carb counting! htt"
"@LongIsRobReport","Do you know the difference?  Diabetes Difference: http://t.co/BCWyFHvE0g"
"@krispy_lk1","RT @alldiabetesnews: T1 diabetics and parents of children with diabetes, contribute to this worldwide 2 min survey about carb counting! htt"
"@BEIGEIXVIII","RT @Real_MLee: All that cake gave me diabetes lol"
"@For_Sale_","RT @For_Sale_ The Type 2 Diabetes Cookbook http://t.co/CkOYJX975e #wine #forsale #tips"
"@BlogPodcastVid","RT @For_Sale_ The Type 2 Diabetes Cookbook http://t.co/saSt7igyi7 #wine #forsale #tips"
"@MaureenSRN","5 Tips to Tackle Anxiety in Diabetes http://t.co/Rqw7xiU2oJ"
"@normasv","RT @Obgnics: @EverydayHealth: 7 Foods That Spike Blood Sugar http://t.co/risXtFGUU6please follow the link!"
"@dirtyseo","Coffee lovers: Drink up to reduce your risk of Type 2 diabetes http://t.co/AAa3cHbfB9"
"@JudithBleher","RT @newscientist: Custom-made embryonic stem cells coaxed into the insulin-producing cells that are lost in type 1 #diabetes http://t.co/lZ"
"@BEIGEIXVIII","RT @Real_MLee: @BEIGEIXVIII Im just tryna survive with diabetes lol"
"@Kourtn3yGarcia","@chase_mcc10 I blame you for my diabetes"
"@RichwoodKY","RT @EverydayHealth: 7 Foods That Spike Blood Sugar http://t.co/k3igUjd47R"
"@dwuori","RT @MerckxProject: Consider giving @dwuori a few quid for his Tour De Cure effort.... http://t.co/w4kQc2jGxr"
"@MaureenSRN","Diabetes Knowledge is the Best Medicine http://t.co/bKNruRJyHE"
"@loopzoop","i eat glazed doughnuts every morning for breakfast i cant wait for adult diabetes"
"@Health_ByChoice","Fig Leaves Used to Treat Diabetes: http://t.co/neAbUzN4Lb #bt"
"@TebiaMED","@DiabetesHealth Find out how we changing the world of diabetes one text at a time http://t.co/lFKPyktkso"
"@geeezus_","RT @AntiJokeCat: Yo mommas so fat, theres a strong chance of her developing type 2 diabetes."
"@backblocks","I wanna do my part as a human in the fight against. Autism , Cancer, Diabetes,  Hiv, Hunger, Poverty &amp; Racism. 1 step at a time"
"@Chanel5","RT @CraigxNJ: @louisck If Bill has 25 candy bars and eats 20 candy bars what does he have? Diabetes, Bill has diabetes."
"@MerckxProject","Consider giving @dwuori a few quid for his Tour De Cure effort.... http://t.co/w4kQc2jGxr"
"@NiamaThomas","@KevinHeart2Real: If you cant taste diabetes, you aint doing it right http://t.co/fgANfNnuNC @zuriadimu"
"@AKackley","RT @rage_chaos: Red Bull gives you wings. And diabetes."
"@skv_india","RT @alldiabetesnews: T1 diabetics and parents of children with diabetes, contribute to this worldwide 2 min survey about carb counting! htt"
"@FlySSociety","I think I have diabetes honesty"
"@nietindpcp","NATIONAL MEET FOR INTEGRATED NATIONAL DIABETES PREVENTION PROTECTION PROGRAMME JUNE 14-15 (INDPCP PROGRAMME) AT LUCKNOW TENTATIVELY"
"@rev8diabetes","RT @Rico_WDE16: Diabetes* RT@JanaeElisa: The Lord has come http://t.co/ts5Af7c5cH"
"@rev8diabetes","RT @hultprize: One of out startups features in @FastCoExist http://t.co/a9MppCVt7u .02 cent solution to diabetes detection in the slum @Che"
"@mrisner","RT @AmDiabetesAssn: Check out this eye-opening piece abt effects of #diabetes &amp; take the #DiabetesAlert Risk Test: http://t.co/8sFptnq49b h"
"@wine8guru","#wine The Type 2 Diabetes Cookbook: If you have type 2 diabetes, you do not have to give up great tasting food! http://t.co/pKeoM2A9Mq"
"@LoverzMovement","Prevent diabetes,  disease+hypertension Follow Volovn (@DanieelaManzo) is now following you on Twitter! @LoverzMovement #Followback #50..."
"@Audrey_Hoo","i dont need sweets anymore . Because just seeing you both is like having diabetes . D:"
"@DiabesityChat","RT @alldiabetesnews: T1 diabetics and parents of children with diabetes, contribute to this worldwide 2 min survey about carb counting! htt"
"@amidiabetic","How does a girl who has had T1D since 2 years old deal with diabetes through the teen years? Hannahs Story http://t.co/xIVHfJWsSE"
"@carolduncan","RT @alldiabetesnews: T1 diabetics and parents of children with diabetes, contribute to this worldwide 2 min survey about carb counting! htt"
"@gxrman1000","RT @foxnewshealth: Cool new research: Embryonic cloning shows promise for treating #diabetes http://t.co/XahdQkyiy8"
"@alldiabetesnews","T1 diabetics and parents of children with diabetes, contribute to this worldwide 2 min survey about carb counting! https://t.co/oWEQnEgK9Z"
"@Real_MLee","All that cake gave me diabetes lol"
"@diabetes_about","How do you sum up the talent of Arc Reactions? This board pretty much does it...http://t.co/ot9IgnuXHA"
"@Lauwennnnn","My boyfriends got diabetes and I watched him give him himself his shots and "
"@dr_ven","Early in the morning giving me diabetes."
"@mspeaches813","Walking to work cuts risk of obesity and diabetes. http://t.co/itV9J4DhMI"
"@heartinchainsx","@nickjonas lol you should come talk to my mom about taking care of herself and her diabetes because she sucks at it."
"@SparkPeople","Exercising with Type 2 Diabetes http://t.co/i8ruJLWqGD"
"@its_ninnen","RT @M_Pillot: 99% sure I have some temporary diabetes thanks to @its_ninnens peanut butter eggs."
"@nietindpcp","NATIONAL MEET FOR INTEGRATED NATIONAL DIABETES PREVENTION PROTECTION PROGRAMME JUNE 14-15 (INDPCP PROGRAMME) AT LUCKNOW TENTAIVELY"
"@Mededucation101","@LeilaGabriela23 Must read here: http://t.co/TyCcMq3pJx for some clinical diabetes meds info"
"@junaid__j","@ShezrehMirza looks good! Beware of diabetes"
"@__colesmith","RT @loganejohnson: @TrevColden holy diabetes thats a lot of Mountain Dew"
"@Shaniel03","RT @JordanGradeless: Shit u hear at the bar. Man I gotta leave  my cat has diabetes and needs it shoots# thethumbistheshit"
"@saithwells","RT @JordanGradeless: Shit u hear at the bar. Man I gotta leave  my cat has diabetes and needs it shoots# thethumbistheshit"
"@TreeVinos","RT @EverydayHealth: 7 Foods That Spike Blood Sugar http://t.co/k3igUjd47R"
"@JordanGradeless","Shit u hear at the bar. Man I gotta leave  my cat has diabetes and needs it shoots# thethumbistheshit"
"@DiabeticTalks","Blog: Living Life on Diabetes Terms! Addresses negative thinking around diabetes management.  http://t.co/vQx9si6jv3 http://t.co/YdBNdQFQJs"
"@Bajeal31","RT @AcneSkinSite: Reasons to Give up Soda:- Messes with skin- Rotting teeth- Weight gain/ belly fat- Diabetes/ heart disease- Impaired"
"@For_Sale_","RT @For_Sale_ The Type 2 Diabetes Cookbook http://t.co/26G5oWI3UC #wine #forsale #tips"
"@BlogPodcastVid","RT @For_Sale_ The Type 2 Diabetes Cookbook http://t.co/aY3Po1XMh6 #wine #forsale #tips"
"@Real_MLee","@BEIGEIXVIII Im just tryna survive with diabetes lol"
"@T1DShane","#diabetes #joke http://t.co/QvAwPExPS9"
"@DhamanRakhra","RT @hultprize: One of out startups features in @FastCoExist http://t.co/a9MppCVt7u .02 cent solution to diabetes detection in the slum @Che"
"@Mikeyy_Johnson","Pussy so sweet gave me diabetes "
"@TheKingKez","mum and brother are having a circlejerk about diabetes and exercise can someone beam me out of here"
"@MichaelCollier1","Its nice when a company tries to fix an issue, but if you never call back it doesnt work... Just a word of advice @MDT_Diabetes"
"@DiabeticTalks","Managing Attention Disorders and Diabetes? http://t.co/sUEnp7AMmM #DBlog #Diabetes"
"@Obgnics","@EverydayHealth: 7 Foods That Spike Blood Sugar http://t.co/risXtFGUU6please follow the link!"
"@KatOrchard","Today I thought I had diabetes, so Ive come to the life decision that Im not eating sugar anymore.."
"@DatAfricanNigga","RT @Rico_WDE16: Death* RT@DatAfricanNigga: *high blood pressure @Rico_WDE16: Diabetes* RT@JanaeElisa: The Lord has come http://t.co/JyVF"
"@taracomer","Walking to work cuts risk of obesity and diabetes. http://t.co/f1czW0Zvtz"
"@CarlaYNix","Managing Diabetes is out! http://t.co/yzXkrb2Mna"
"@27Diabetes","5 Signs of Aging that Could Be Diabetes in Disguise | @scoopit via @DavidHeitz http://t.co/HbsnhX5Jye"
"@surrruh_hurds","One time I lied and told people I had diabetes and that my sugar was low so I could be first in line for donuts. Laura just said this. "
"@LivStoner","If the saying you are what you eat was true, I would be a burrtio filled with ice cream and diabetes"
"@kcrmd","RT @EverydayHealth: 7 Foods That Spike Blood Sugar http://t.co/k3igUjd47R"
"@Rico_WDE16","Death* RT@DatAfricanNigga: *high blood pressure @Rico_WDE16: Diabetes* RT@JanaeElisa: The Lord has come http://t.co/JyVFyeEE15"
"@HealthMedicines","Cloning used to make stem cells from adult humans in diabetes breakthrough - Daily Mail http://t.co/5Ofe7w96lC"
"@MarisaGarz","@Austin_Fuerst wait, you have diabetes? #imsosorry #thischangeseverything"
"@Sensawunda","RT @GrapeSodaJamb: Houston, we have a problem. Its diabetes."
"@DatAfricanNigga","*high blood pressure @Rico_WDE16: Diabetes* RT@JanaeElisa: The Lord has come http://t.co/ur2Z07U18E"
"@Manatee_Bait","I get the worst craps from diabetes. I feel you monthly thots"
"@75JAH_","CALL ME WHAT YOU WANT BUT YOU CANT CALL ME SLIM...... PULL UP WITH NO DIET AND DIABETES  LOOOL http://t.co/A3o04JU5cu"
"@ChrissyAWriting","Boo! Hiss! Im going to need to go get tested for diabetes.  It runs in my family and Ive been ignoring symptoms for too long."
"@SeniorsPayLess","RT @EverydayHealth: 7 Foods That Spike Blood Sugar http://t.co/bjMSWUIOST"
"@djmikeymalone","New Jenny Craig Program Effective Against Type 2 Diabetes, Study Shows - http://t.co/elIhYSCQHd"
"@DiabetesInCntrl","Joslins Diabetes Deskbook, Updated 2nd Ed., Excerpt #44: Pharmacotherapy of Type 2 Diabetes, Part 3: Richard ... http://t.co/mg6KWE5xNf"
"@biznes_news","Accu-Chek Complete Diabetes Monitoring System: $20.00 (0 Bids) End Date: Wednesday Apr-30-2014 11:19:18 PDT Buy... http://t.co/oaOOqc40Oa"
"@nietindpcp","@kutikuppalasury  Dear sir we wish to invite on the National meet for Diabetes prog at Lucknow during 14-15 June14 can i know ur email id"
"@Tony_Rotella","@KEEBLERisTiny God Soft Batch cookies are the shit. I had a pre-diabetes flashback, and now Im drooling on myself."
"@Jay0253","Oreo cookie covered by a chocolate chip cookie.... so delicious... incoming diabetes xD"
"@biznes_news","Accu-Chek Advantage Diabetes Monitoring System: $13.00 (0 Bids) End Date: Wednesday Apr-30-2014 11:14:57 PDT Buy... http://t.co/RlbdcynGtv"
"@vianhansen","Reverse Diabetes Today: Scientifically proven principles that will have your body producing more insulin. http://t.co/aYQMbxpkmy"
"@27Diabetes","Japanese womens healthy diet is the key to a long life | @scoopit via @Diabetes_CareUK http://t.co/rvCczaLsOU"
"@__colleague","Math Problems: If Jim has 50 chocolate bars, and eats 45, what does he have? Diabetes. Jim has diabetes..."
"@ThatGuyMcLeod","RT @Rico_WDE16: Diabetes* RT@JanaeElisa: The Lord has come http://t.co/ts5Af7c5cH"
"@reneejua98","Diabetes can suck mah dick too"
"@DynaProDirect","RT @EverydayHealth: 7 Foods That Spike Blood Sugar http://t.co/k3igUjd47R"
"@ronfeir","RT @EverydayHealth: 7 Foods That Spike Blood Sugar http://t.co/k3igUjd47R"
"@SusanJCN","RT @VeganUp: Theres a cure for Erectile Dysfunction, Diabetes &amp; Obesity. But you wont hear about it because Vegan Foods wont make compan"
"@NiekosMom","So the bad news is I have diabetes, thyroid problems, hormone problems, severe vitamin deficiencies and I will die If I dont change. SUPER!"
"@EverydayHealth","7 Foods That Spike Blood Sugar http://t.co/k3igUjd47R"
"@BobbieWolfer","Hi my name is Brenda Porter, I was given the diagnosis of diabetes, high cholesterol and ooooh the hot flashes! I... http://t.co/9aX0URIzU6"
"@undeadslacker","Guess I could have diabetes and be ugly. Plus Im zombie king so haha jokes on all of you."
"@Catherrinnee","Social isolation impairs immune function and boosts inflammation, which can lead to arthritis, type II diabetes, and heart disease."
"@loopsylore","RT @GrapeSodaJamb: Houston, we have a problem. Its diabetes."
"@27Diabetes","What Is Diabetes - YouTube | @scoopit via @Hullbatman http://t.co/Cabh3e5c0b"
"@jakblanch","Nato is just a nickname for an old guy who lost his toes to diabetes"
"@goodtobecrazyy","RT @Dropdeadcunts: Do you eat so much candyThat you know youre going to dieOf diabetes and dont care? I know I do lol"
"@Health_Luv","Diabetes Information at Hand - Plz Retweet!! http://t.co/UZ6eRTHWt3 #health"
"@EveryDaisyDay","I remember my mama told my uncle I had diabetes he talking bout oh she sum like boosie huh NIGGA WHAT LMAO"
"@itskristinbaby","ive ate so much sweets today i should probs have diabetes"
"@MerckxProject","RT @dwuori: Im only $118 from 4th place in SC Tour de Cure fundraising for @AmDiabetesAssn. Id so appreciate your support. http://t.co/6m"
"@kbomkamp","@ClarenceLBG just made a comparison between type 1 and type 2 statistical errors and type 1&amp;2 diabetes #studygrind #crackingup"
"@_ohheyamyy","Since my brother got diabetes hes been so healthy and lost hella weight I should start eating what he makes."
"@grungecliffrd","Ive been feeling v insecure abt my diabetes lately and I never really have before and I dont understand why"
"@jenmturnbull","According to Food Inc. movie, 1 in 3 Americans born after 00 will have diabetes...tragic #foodinc"
"@r_u_aware","RT @nutrition_facts: Honored to be interviewed by Dr. @johnmcdougallmd on diabetes and the dangers of low carb diets: http://t.co/mr0OYP5rZE"
"@Iamjaci","@Evan_Redbone @ThatsSoKrista @RawrRolando @CalebMarcotte98 fuck you ginger bitch Im not a candy at all bc I have a fucking diabetes ya bish"
"@ThatsSoGabbi","@cedricismyname @DamienDreww @Lowreenuhh singapore has amazing healthcare kasi. So like its okay for people to be at risk of diabetes?haha"
"@VestigeOfMARS","*Cheers* Drink More Coffee Could Lower Diabetes Risk http://t.co/HZkLhv4kzM"
"@SusanSHenry","RT @dwuori: Im only $118 from 4th place in SC Tour de Cure fundraising for @AmDiabetesAssn. Id so appreciate your support. http://t.co/6m"
"@eahawkk","@audcking: @eahawkk I ate too many mixed nuts and now I have diabetes  thank you"
"@TheEricaPereira","RT @DhamanRakhra: Check out REACH Diagnostics, a social enterprise born out of the @hultprize featured in @FastCoCreate at http://t.co/erWp"
"@Rico_WDE16","Diabetes* RT@JanaeElisa: The Lord has come http://t.co/ts5Af7c5cH"
"@Drink_N_Shrink1","Walking to work cuts risk of obesity and diabetes. http://t.co/0gLIsrcDUJ"
"@DrTipsbits","Help for coping with adult onset diabetes - http://t.co/bDWqdqo5kH"
"@_ItzRozay","Diabetes @zxsoull: I eat white rice like everyday "
"@TebiaMED","RT @boltyboy: RT TraqMe is crowdfunding to make Diabetes management simpler than ever before. No Downloads ,just texting! http://t.co/w1fqq"
"@gene_chrastil","RT @CBSHealth: Stem cell cloning may be aid treatment for diabetes http://t.co/1rYrjxFb0O"
"@PlexusSlimMikki","Walking to work cuts risk of obesity and diabetes. http://t.co/u9OQM53w4j"
"@RachelSakhi1979","Domestic Terrorism: Inflicted Stress - Pancreas, Increased risk of DIABETES."
"@ldiazammo","RT @StemCellsview: Cloned embryos yield stem cells for diabetes - Chicago Tribune http://t.co/ZtSqdXW4no"
"@VegginOutAbout","RT @nutrition_facts: Honored to be interviewed by Dr. @johnmcdougallmd on diabetes and the dangers of low carb diets: http://t.co/mr0OYP5rZE"
"@groomingal89","@DavidKoechner Dinner with a side of diabetes http://t.co/6wrzfVjkFE"
"@soffex88","@FactualHealth: A coffee habit may also increase your resting metabolism rate, which could help keep diabetes at bay."
"@TrevoSoCal","Hubby is riding the Century! #tourdecure #Trevo Give a little ~ Give a lot!  Thank you!!http://t.co/k7cif5X4xz"
"@MNC_DaveG","Ive been replaced at reception of Diabetes Qld.... But at least it was by a mate....  http://t.co/0bHN9op9TW"
"@thisisglory_","RT @WSJ: A new development in embryonic cloning shows promise in treating diabetes: http://t.co/nKrlm7LOT2 (Photo: Reuters) http://t.co/dBF"
"@sanjagauthier","RT @LyfeBulb: Our founder Karins thoughts on the recent @nytimes front page article on #Diabetes and how we can spark innovation http://t."
"@DhamanRakhra","Check out REACH Diagnostics, a social enterprise born out of the @hultprize featured in @FastCoCreate at http://t.co/erWptrHeZh!"
"@skinnyme92","My waist to hip ratio means I have a very high risk to develop diabetes or heart disease. Excuse me while I mentally shoot myself 20x :)"
"@runnnergirl50","HEALTH FACT: Vitamin D, omega-3 fish oil and cinnamon can help prevent diabetes. http://t.co/iG2HdRGXO8"
"@hearts_hugs","4 of 5 stars to Diabetes by Robert Tattersall http://t.co/HHAlatiWTO"
"@RabidOtakuX","RT @newscientist: Custom-made embryonic stem cells coaxed into the insulin-producing cells that are lost in type 1 #diabetes http://t.co/lZ"
"@aamodelminority","RT @WSJ: A new development in embryonic cloning shows promise in treating diabetes: http://t.co/nKrlm7LOT2 (Photo: Reuters) http://t.co/dBF"
"@ftlwarpdrive","http://t.co/yBnwHl9e26 Cloning used to make stem cells from adult humans in diabetes breakthrough #Techs http://t.co/VsE8FlJua4"
"@amidiabetic","What IS Diabetes | Can I catch it | Symptoms | Thirsty | - Am I Diabetic ? http://t.co/qte1VV5Mbf via @amidiabetic"
"@aviatior12","Scientists Create Personalized Stem Cells, Raising Hopes for DiabetesCure http://t.co/WtH77ZcIrR"
"@aviatior12","Scientists Create Personalized Stem Cells, Raising Hopes for Diabetes Cure http://t.co/ATpMHynKnR http://t.co/99H58bMlBf"
"@Diabetesview","Stem Cell Advance May Bring New Diabetes Treatments - Huffington Post http://t.co/c2WqfDNlVa"
"@MenakaSanthush","How to detect gestational diabetes - Helium http://t.co/TtWkTPKVSE"
"@sanjagauthier","heart attacks and strokes in people with diabetes fell by 60 percent: http://t.co/CDlmeWGy1F speak with doctor today http://t.co/P5NC9SaXBm"
"@KConner434","@SweetasDixie15 holy diabetes "
"@Askabt_briee","@Charlyrayne__: I put so much sugar in my cereal .  it aint good unless you can tAste the diabetes"
"@Nyenco_Health","Custom-made embryonic stem cells coaxed into the insulin-producing cells that are lost in type 1 #diabetes http://t.co/X3NvMhulvC"
"@CDiabetesmag","Which whole grains to eat more of, for a healthier diet with #diabetes: http://t.co/l6xCkw6WpN  #beatingdiabetes"
"@ProfDrAndro","Diabetes duration and severity associated with brain atrophyOAK BROOK, Ill.  Type 2 diabetes may be associated... http://t.co/DAlDZ3ItKW"
"@QEventPlanner","http://t.co/7u8L3UScya #ada #a1c #diabetes #awareness"
"@NotZombiereturn","#PineapplePudding #CaramelSauce #IceCream #Diabetes"
"@sanjagauthier","RT @LyfeBulb: Rates of heart attacks and strokes in people with diabetes fell by more than 60 percent over the past two decades! http://t.c"
"@gunitasingh","prof complaining about people saying they have MILD diabetes: the people who say they have mild diabetes r going 2 die from a mild stroke"
"@harleenas","Type 2 Diabetes: A Doctors Surprising Assertion http://t.co/lIB8OOYkoa via @JerryDeLuca"
"@awg_allan","@asmithb Nice post. Has your weight changed with the sugars. I am guessing not because the carbs are down. Diabetes is nasty be careful"
"@daveverzosa_","RT @MResort:  RT @XYIENCE: Make a difference! Donate to the #TourDeCure event 5/3 in #Vegas at the @MResort! http://t.co/aC16jncHr2 @tdcla"
"@DSturdi","RT @alldiabetesnews: DiabetesHealth - Medication Errors Oops Wrong Insulin http://t.co/cvKIS4kuwr #diabetes"
"@sanjagauthier","RT @LyfeBulb: Our founder Karin wrote this great article for @MindBodyGreen : 5 tips you can do in you 20s to avoid #Diabetes http://t.co/"
"@getdiabetesapp","RT @TheDiabetesCare: Scientists Create Personalized Stem Cells, Raising Hopes for Diabetes Cure http://t.co/DqBh1mei1k"
"@FrankCundiff","RT @dwuori: Im only $118 from 4th place in SC Tour de Cure fundraising for @AmDiabetesAssn. Id so appreciate your support. http://t.co/6m"
"@T1DShane","Young onset age heightens Type 2 diabetes complication risks http://t.co/kebAy61x83 via @medwireNews"
"@CaktPrfahladh","People with diabetes are1.5 times more likely to use alternative therapies, such as supplements and herbs, than those without diabetes?"
"@3callmegrandma","Walking to work cuts risk of obesity and diabetes. http://t.co/FQszfMf49p"
"@vertijerina","if theres one thing i wanna taste the diabetes in, its my coffee. "
"@hoyazoya","Type 1 diabetes survey on severe hypoglycemia: Click here to start  http://t.co/2MZL6MODFw   #t1 #hypoglycemia #type1"
"@TheJasonProject","RT @dwuori: Im only $118 from 4th place in SC Tour de Cure fundraising for @AmDiabetesAssn. Id so appreciate your support. http://t.co/6m"
"@kaylapaixao","my tow honestly hurts so much i probably have diabetes"
"@mac_mac1313","my dad just said poptarts lead to early diabetes.... just stop"
"@ScottSeigel","Eye spy with my little eye..... Diabetes http://t.co/94Zaf6Fw5i"
"@mistergoats","@hurrrdurrr first time moms also ignore things like gestational diabetes diagnoses. @howetolove"
"@DiabetesDiva411","Thanks SNOFH (Speak Now or Forever Hold) for inviting the Diabetes Diva to Co Host their monthly Open Mic venue... http://t.co/nDFMq0tuVH"
"@dwuori","Im only $118 from 4th place in SC Tour de Cure fundraising for @AmDiabetesAssn. Id so appreciate your support. http://t.co/6mUN1Nt8KJ"
"@AlexMusseman","Tryna run to the stars but I got diabetesBut i got some sweet tarts so go ahead, try to beat me#bars #famousamuss #GetOnMyLevel"
"@mrinnetmaki","RT @boltyboy: RT TraqMe is crowdfunding to make Diabetes management simpler than ever before. No Downloads ,just texting! http://t.co/w1fqq"
"@frenchfryziall","Im getting diabetes"
"@VEGASandTONIC","RT @MResort:  RT @XYIENCE: Make a difference! Donate to the #TourDeCure event 5/3 in #Vegas at the @MResort! http://t.co/aC16jncHr2 @tdcla"
"@brittany__inge","Loooovvvee her! @RealSway: @MsDebbieAllen talks Diabetes, working w/ the white house &amp; raps Kool Moe Dee!  Watch: http://t.co/S5rmSxJd2R"
"@DiabetesHopeFDN","Diabetes Hope Foundation Invests in the Success of Youth with DiabetesMore than 40 students will receive... http://t.co/W60coSqeyA"
"@MResort"," RT @XYIENCE: Make a difference! Donate to the #TourDeCure event 5/3 in #Vegas at the @MResort! http://t.co/aC16jncHr2 @tdclasvegas"
"@soccer_jude","@nonelvis All I can think of is places like Vinny Testa, which isnt Type 2 Diabetes-friendly"
"@MaxsClumpArt","RT @marilynwinders: Im raising money for diabetes medicine. Click to Donate: http://t.co/2GkqUGkLA5 #gofundme"
"@manitschriskid","RT @android1597: @CraziestSex: I need this in my life  http://t.co/p7c4B2ZEVT its like diabetes in  cup tho haha"
"@VeraNickell","RT @bellaandre: May poles and murder? MAYDAY! NEW by @Heather Graham in #ASweetLife... Help find a cure for diabetes while you read! http:/"
"@dominiquemead33","@Maxi__pads: Just copped the Diabetes 12 http://t.co/8RsodgeLuHthese are air maxes though ??"
"@DrAmyDean","RT @DrFrankLipman: Want to reverse the epidemics of obesity, heart disease &amp; diabetes? Simple....remove addictive foods (sugar &amp; junk food)"
"@CCeccanese","@MaxFieldstone yeah thats Markie #diabetes"
"@Group_loven","Thats like heaven with a side of diabetes #Chocolatecake"
"@SpineAtlanta","RT @EverydayHealth: 9 Foods You Should Eat for Diabetes http://t.co/nVTpMaj1R2"
"@GloryVennall","Teacher: John has 32 cookies and eats 28 of them. What does John have now? Me: Diabetes. John has diabetes."
"@WeRtheCure","Should Type 1 Diabetes Advocates Have Sharp Elbows? Status Quo or Act Up  What is the rightpathway? http://t.co/HU50yv15xQ"
"@stacyjuba","RT @JDCA2025: What are the pathways working toward a #T1D cure? Read our latest report to find out http://t.co/mdHuTnGoeT #diabetes #Practi"
"@jMoE236","RT @Maxi__pads: Just copped the Diabetes 12 http://t.co/5ho3bFPmvg"
"@xogabbykxo","So wait..if I possibly have diabetes does that mean I have to watch the amount of sugar I eat...oh no.."
"@jobs4SD","#jobs4u #jobs Diabetes Community Host http://t.co/BfoGhGpchT #SD #sandiego #CA"
"@alans_the_name","Its not that diabetes runs In your family, its that no one runs in your family-Alan Hernandez 2014"
"@wencyracha","Yo some chocolate glazed donuts sound bomb af right now #diabetes"
"@thepoorchef1","RT @richienash1: @thepoorchef1 THANK YOU FOR ALL OF YOUR INSPIRATION MR.CHARLES MATTOCKS.WE ARE EVER SO LUCKY THAT YOU GUIDE US TOWARDS A C"
"@Vaante","RT @Maxi__pads: Just copped the Diabetes 12 http://t.co/5ho3bFPmvg"
"@americanhcl","New Study Indicates Weight Loss Surgery Can Reduce or Eliminate Need for Medication Used to Control Diabeteshttp://t.co/YweLVACXzk"
"@jasmyne_xoxox","RT @daveshave69: Nerds slush is just diabetes in a cup"
"@troysotrill","these lifesavers aint doin shit but givin me diabetes"
"@DrTipsbits","How gestational diabetes affects your unborn baby - http://t.co/0HwhrxPztg"
"@IndepdentlyPink","Walking to work cuts risk of obesity and diabetes. http://t.co/KE5Ztt4mjz"
"@StopDiabetes3","We need people with diabetes up and moving."
"@ScienceIndex_","http://t.co/BblyNoBKP1 Modifiable Predictors of Chronotropic Incompetence in Male Patients With Type 2 Diabetes http://t.co/oMEkWf8dVa"
"@MERIT_Baltimore","MERIT Sophomores spent the weekend in Washington D.C. presenting to thousands of people about diabetes and health... http://t.co/0xxEfVa4cF"
"@DiabetesDiva411","Many thanks to Valerie Price owner of Valerie Signature Salon in Harlem New York for allowing the Diabetes Diva... http://t.co/efUUi3ViHy"
"@BlazingSandals","RT @AmDiabetesAssn: Check out this eye-opening piece abt effects of #diabetes &amp; take the #DiabetesAlert Risk Test: http://t.co/8sFptnq49b h"
"@thePink_Elefant","RT @KiptonForrest: Me: so what seems to be the problem today sir?@sbiggs757 : I have diabetes, fix it.Me:   ....uh......I dont think I c"
"@becca11890","I never realize how bad diabetes is till I go to the doctor! #Type1Problems #diabetesproblems"
"@asmithb","Im now at-risk for diabetes and other ways living in #Cambodia has changed me http://t.co/8M4hr14XwV"
"@_jaaasminnn","RT @Maxi__pads: Just copped the Diabetes 12 http://t.co/5ho3bFPmvg"
"@pixieskitten","@jaqfarkhairi paling takut if dapat diabetes. Nasib Ive cut a lot of sugar out of my diet! Hahahahaha"
"@BlogPodcastVid","RT @For_Sale_ The Type 2 Diabetes Cookbook http://t.co/3NwhWtfLUE #wine #forsale #tips"
