@ward_emi,@Danny_a17: @ward_emi: Chocolate covered bacon what #diabetes its totally worth it!!
@broomem,New York diabetes breakthrough?  @SumerSloan @lynncollins7 @Moonblood @TamithaSkov @kellylynch 
@aubzzilla,RT @marco_calatrava: When I was growing up the girls would say Drink more Pepsi to get more sexyYears later everyone getting diabetes. h
@BasedGodEcho,Inb4 Killa beats haggy, haggy goes into a deep depresion, eats so much he gets diabetes dies, his gravestone says Im sitting here watchin
@hemanth_soni,RT @hultprize: One of out startups features in @FastCoExist  .02 cent solution to diabetes detection in the slum @Che
@aubreymaynard,RT @gordonabishop: when are we going to get a fat bald disabled latino type 1 diabetes disney princess?
@mystemcellnews,ROUND-UP: Making embryonic stem cells to treat diabetes (Nature*) experts respond AusSMC ...: US and Israe... 
@sayuri1475,I need to get back on the bandwagon otherwise Im going to get #diabetes
@DiabeticTalks,Blog: Theres No Such Thing as Bad Blood Sugar:  #diabetes #lifecoach #DSMA #DOC #PWD
@definitiveturbo,Researchers use stem cells to treat diabetes.  
@Get_naija,#seethis Coffee reduces risk of diabetes: Increasing intake by 1.5cups each day can cut chances of developing... 
@ktraewitte,@KasidyGochis: Athens is eating all of my raisin bran :( #Stahp but he has diabetes
@Meeting_aJERNed,Ill gladly get diabetes over this RT @ItsFoodPorn: M&amp;M Cake 
@ZandCell,Cloning used to make stem cells from adult humans in diabetes breakthrough DailyMail 
@harrysdime,RT @motherboard: Insulin-producing stem cells could help fight diabetes: 
@b_roa22,@TheWeirdWorld: Why not make a waffle into a sandwich..  @anasaurs23 we gotta do this with Adam #diabetes
@Christian19065,RT @hqllie: having sweaty hands isnt even that bad at least you dont have diabetes or a tumor or something
@gimme_timi,My throat hurts...according to WebMD I have either acid reflux or diabetes who needs to seek medical help immediately
@__errrrrrnnn,RT @bcarterr_: Its not real Sweet Tea if you cant taste the diabetes in it
@EyeOnHealthNews,RT @CBSHealth: Stem cell cloning may be aid treatment for diabetes 
@ItdBeKelsey,Everyone be nice to seor. He was in the hospital yesterday for his diabetes. 
@_theorigiNELL,RT @iCumNpeace: a slice of diabetes @ThisIsShardae_: This too much RT @Dbenton68: @ItsFoodPorn: M&amp;M Cake  looks l
@Primax_Donna,diabetes? @DoltYourseIf: Cinnabon pancakes. I know what Im praying for tonight 
@SoyMuyGuapo32,RT @DogeEater: Dayton had diabetes from the chicken 
@_HurricaneNyah,My sister is on the verge of diabetes and my mom just lets her eat whatever she wants, it really pisses me tf off
@codyfranta,Hi, my name is Scott Malkinson and I have diabetes and a lisp.
@_stellagroovez,Thats like giving a random kid candy &amp; saying diabetes is increasing. I dont get where the correlation of setting ppl up to glare at
@TN00_,real talk just a big ass box of assorted chocolates so i can just grt diabetes and die ...... best way to die
@HiMyNameIsFaith,RT @FlyAnakin: diabetes waiting to happen. @ItsFoodPorn: M&amp;M Cake 
@sparhawk,.@sparhawk bump on porters tummy was made of fat cells. Hell probably live until forever, or until he gets diabetes. #fatcat
@SnacZilla4Rilla,@imakeithappenG its this thing that has to do w/ diabetes...its a 3 month avg of my sugars...normal ppls are like 6 and under mine has
@Luiscolomavilla,RT @Medscape: Get the coffee on! upping consumption protects against type 2 diabetes  
@JDubDaBlerd,Delicious #Diabeetus RT @Meeting_aJERNed: Ill gladly get diabetes over this RT @ItsFoodPorn: M&amp;M Cake 
@ThatboiLuie,what is the scariest thing that has every happened to... Almost getting killed And the best thing ? My diabetes 
@Combmatt,@checkersrallys @merribebet is the prize diabetes
@richLOVEforever,RT @FlyAnakin: diabetes waiting to happen. @ItsFoodPorn: M&amp;M Cake 
@Paul_Sonnier,.@Voluntis raises $29M to bring #diabetes app to US  HT @Christianassad #DigitalHealth #mHealth
@rev8diabetes,RT @hqllie: having sweaty hands isnt even that bad at least you dont have diabetes or a tumor or something
@Hades_2098,RT @_Woman_health: Vitamin D:and Cancers, type 1 diabetes, heart disease, and osteoporosis. 
@KasidyGochis,@ktraewitte but I could end up with diabetes as an old woman in a nursing home
@colleengreene,#healthy chicken and barley soup for my new #diabetes diet. 
@Get_naija,#seethis Could a cure for type 1 diabetes be in sight? Scientists discover how to turn ordinary skin cells into... 
@johnfoutz,Cloning used to make stem cells from adult humans in diabetes breakthrough 
@MyckaelDE,@sidvici0us_ why that look like diabetes on a rock?
@The300tyG0D,RT @BigRod96: You gotta be able to taste the diabetes
@suzannelilly,The annual #auction for #diabetes research by @Brenda_Novak begins May 1. Heres a sneak peek of my writing groups offering. #kindle
@AskAppDev,RT @Paul_Sonnier: .@Voluntis raises $29M to bring #diabetes app to US  HT @Christianassad #DigitalHealth #mHealth
@DogaBetix,RT @MorganoXC: I never knew what diabetes was until now when my dog was diagnosed with it today and I have to give her 2 shots a day
@ADARichmond,Do you have questions about caring for a loved one with #diabetes? Check out our online community message boards 
@DogeEater,Dayton had diabetes from the chicken 
@definitiveturbo,Researchers use stem cells to treat diabetes.  
@MKsmn515,Holy diabetes socks RT @bustedcoverage: Spectacular baseball game selfie (from @EFQZ) 
@bananasbriannaa,Had In N Out, Corkeys, Olive Garden, gelato, Chipotle, brownies, and now pizza all within the last week. Gaining 60000 pounds #diabetes
@DejaJamaisVu,Bruhhh who wanna buy a ticket, this is like the golden ticket from willy wonka without the diabetes. Help a nigga out 
@bcarterr_,Its not real Sweet Tea if you cant taste the diabetes in it
@hanatoku,UCLA pilots mobile vision testing app for patients with diabetes | mobihealthnews 
@junk1973,What a Fat stuff! US is good at making people fat and diabetes to spend money more. n they did same as Godzilla too. 
@Altara5,RT @jamespmurphymd: Pain affects more Americans than cancer, heart disease, and diabetes combined. #paincare  http:/
@_KelKardash,@Rxshvn: @CHlLDHOODRUINER: heaven in 7 bags  in 7 bags hemorrhoids in 7 bags
@FckingBEANHEAD_,RT @FlyAnakin: diabetes waiting to happen. @ItsFoodPorn: M&amp;M Cake 
@MyckaelDE,@sidvici0us_ why that look like diabetes on a rock?
@PicasyAses,RT @LatinoLiving: Coffee lovers: Drink up to reduce your risk of Type 2 diabetes 
@Rxshvn,RT @_KelKardash: @Rxshvn: @CHlLDHOODRUINER: heaven in 7 bags  in 7 bags hemorrhoids in 7 bags
@rev8diabetes,The Solution For Diabetes 
@SocialJerkBlog,Why are female comedians supposed to be hot? Male comedians almost always look like everyones uncle who doesnt take care of his diabetes.
@tinsplendor,Reverse Your diabetes in 3 weeks 
@TheBowieCat,RT @motherboard: Insulin-producing stem cells could help fight diabetes: 
@5secsofimnotok,Im eating straight up chocolate chips and peanut butter melted and mixed with mini marshmallow. I can physically feel the diabetes.
@thekokotaylor,RT @jizziemcguire: I know the feeling bud @nickjonas: Things to be grateful for.. My last diabetes check up I had my best numbers ever.
@Meeting_aJERNed,RT @JDubDaBlerd: Delicious #Diabeetus RT @Meeting_aJERNed: Ill gladly get diabetes over this RT @ItsFoodPorn: M&amp;M Cake 
@Ceddy_Ced1,@Eating: Cookie Bowl Sundae  diabetes on a plate but idgaf 
@TheBowieCat,RT @motherboard: Insulin-producing stem cells could help fight diabetes: 
@Danny_a17,@ward_emi: Chocolate covered bacon what #diabetes
@Maa_Ke_Pakode,Too much bitterness never caused diabetes.
@mom_the_pirate,RT @Go2Slp: You guys.I just saw a bake sale to benefit a childhood diabetes foundation.The struggle is real.
@TheBearyBest37,@annachristine97 yeah you get sick of it after making so many of the disgusting diabetes enriched drinks 
@christigrotts,RT @Go2Slp: You guys.I just saw a bake sale to benefit a childhood diabetes foundation.The struggle is real.
@JoeGallX2,RT @nycHealthy: NYCs sugary drink portion cap helps protect the health of all NYers from obesity &amp; diabetes. @DrMaryTBassett: 
@LoriGallucci,RT @Go2Slp: You guys.I just saw a bake sale to benefit a childhood diabetes foundation.The struggle is real.
@__errrrrrnnn,RT @bcarterr_: Its not real Sweet Tea if you cant taste the diabetes in it
@Clauranatalie,Last night I drank American beer.If you sent that beer out to be analyzed, the lab would probably phone up and say,Your horse has diabetes
@rev8diabetes,RT @EMC2Foundation: Official #AMA on #science #reddit with our second winner Theresa L. OKeefe, Ph.D. from @MendTherapeutic to be announce
@___fckinloyal,I get tested for diabetes at my next appointment 
@iCumNpeace,a slice of diabetes @ThisIsShardae_: This too much RT @Dbenton68: @ItsFoodPorn: M&amp;M Cake  looks like death
@CarsieLJones,RT @Primax_Donna: diabetes? @DoltYourseIf: Cinnabon pancakes. I know what Im praying for tonight 
@tinsplendor,Reverse Your diabetes in 3 weeks 
@mstorabby,Like im legit sad , im scared of diabetes..ima scary person period
@Techn0_Space,Treating diabetes via embryonic cloning holds promise -  
@LEndocrinology,RT @EndoUpdate: Type 1 diabetes rates are stable - but we dont know why 
@SoNuke,Cloned embryos yield stem cells for diabetes The Conscious ...
@lennymeds,#Stress poses a threat for #diabetes and heart attack by altering blood sugar levels. Learn more here: 
@hoops_Daddy,RT @Go2Slp: You guys.I just saw a bake sale to benefit a childhood diabetes foundation.The struggle is real.
@JesseJRaven,@Behindthemask42 recently diagnosed with Type 2 diabetes - this is of real interest!
@chatoloco1,Between my diverticulitis , diabetes, and planterfacioudos im a mess health wise
@MzBootzy,@KingOfDaMisFits Ummm Sir, dont let these crazy twitter pics distract you. Thats nothing but diabetes on a plate.
@Cancers_Curable,8 remedies treat #diabetes naturally:#NNN 
@JoannahBailey,RT @HuffPostCanada: Stem cell advancement may bring new diabetes treatments 
@beautypill,@jimspellmanTV The thought of frosted pop tarts gives me diabetes-by-proxy. (Little-known condition.)
@lexalay_,@SpencerDuncan nah I need bread. Lol you tryna get diabetes out here 
@ShantayZ,Im getting diabetes physically and mentally today
@Turfline,RT @WSJ: A new development in embryonic cloning shows promise in treating diabetes:  (Photo: Reuters) 
@Plenny_Cashh,My baby always wanna go to drakes. Gon fuck around &amp; get diabetes
@type1girl,but really my endos, family, and friends are the ones that make living with diabetes easier. thank you for supporting me
@Mr_Kapowski,RT @Go2Slp: You guys.I just saw a bake sale to benefit a childhood diabetes foundation.The struggle is real.
@_TianaCooks,RT @diabetesaur: The worst part of diabetes is when youre not hungry but you know you have to eat so you weigh the options of either eatin
@deidralanae,Like seriously I figured by now I could have my blood sugar all under control. Lol no. I suck at having diabetes lol
@KateWhineHall,RT @Go2Slp: You guys.I just saw a bake sale to benefit a childhood diabetes foundation.The struggle is real.
@fudgecakescalum,Cinnamon roll pancake, also know as diabetes on a plate #ohamerica
@NickStrob,@spencerbongiovi:Alright Ill just have one peep!*finishes box**eats box too**gets diabetes**eats 9 chocolate bunny* *sugar coma*
@NicoleHonesto,RT @type1girl: but really my endos, family, and friends are the ones that make living with diabetes easier. thank you for supporting me
@healthnews24_7,#diabetes #Insulin shots and side effects of #InsulinTherapy 
@_lyssorlando,@Diego_Avila10 @Eating dude idgaf about diabetes it looks AMAZING
@khuckabay,PLEASE HELP US SEND A DESERVING CHILD TO DIABETES CAMP. $25.00  #T1D #diabetescamp #fundraiser #diabetes
@swiz,RT @jenmturnbull: According to Food Inc. movie, 1 in 3 Americans born after 00 will have diabetes...tragic #foodinc
@Mikenzie_Leanne,RT @type1girl: but really my endos, family, and friends are the ones that make living with diabetes easier. thank you for supporting me
@lalalalynne,an entire box full of diabetes just for our casa woooo @Raysay813 
@AusStemCell,RT @Science_Academy: Potential diabetes therapy: scientists grow insulin-producing cells using cloning techniques 
@SabrinaO0318,@ashley_white Boiling diabetes and minor rage outbursts.
@IndependenceAus,Did you know more than 1 million Australians are living with diabetes? Check out this video about #diabetesstigma... 
@alaskanews1, - Research suggests Alaska seaweed may be potent weapon against diabetes, obesity 
@hotsmartusa,#Health - The #diabetes Daily  | #EatingSlowly - #HotSmart Plates
@darryontaylor,HEALTH FACT: By the year 2020 77% of men and 53% of women will have dysglycemia (either diabetes or pre-diabetes) 
@BigRod96,You gotta be able to taste the diabetes
@PhilipCSwanson,No worries guys, I found the wikipedia page!  Phew! For a sec, I thought Id never know which movies mention diabetes.
@Tereleon52Tere,RT @WSJ: A new development in embryonic cloning shows promise in treating diabetes:  (Photo: Reuters) 
@Katie_McD7,@fudgecakescalum: Cinnamon roll pancake, also know as diabetes on a plate #ohamerica square 
@_Woman_health,Vitamin D:and Cancers, type 1 diabetes, heart disease, and osteoporosis. 
@VinetteCianni,Having sex at least once per week can lower a mans risk of heart disease by 30%, stroke by 50% &amp; diabetes by 40%.bit.ly/vlUUNU
@Nofrills23,Can you explain to me the difference between type 1 and type 2 diabetes ? NO I FUCKIN CANNOT NOW DISSAPPEAR
@spencerbongiovi,@NickStrob: @spencerbongiovi: Alright Ill just have one peep!*finishes box**eats box too**gets diabetes**eats 9 chocolate bunny*
@nessisms,@mrsbojane life would be easier without diabetes or pregnancy restrictions. For example I could eat a ham sandwich.
@SerrahL,RT @Lunarteddy: @vhedahealth: With $245B spent on diabetes, #telemedicine looks to cut the cost  #mhealth #digitalhe
@elanawurm,RT @type1girl: but really my endos, family, and friends are the ones that make living with diabetes easier. thank you for supporting me
@NickStrob,@spencerbongiovi: Alright Ill just have one peep!*finishes box**eats box too**gets diabetes*
@emilyolsennn,@type1girl: but really my endos, family, and friends are the ones that make living with diabetes easier. thank you for supporting me
@pelayoarmando11,#SluttyBrownies tried making some diabetes 
@RolfeBrendan,Your kid forgot his cereal, theres a prize in every box; spoiler alert... Its diabetes #puffedsugar #modernfamily #eatrealfood
@maceealexandra,Walking to work cuts risk of obesity and diabetes. 
@EvilJeffZucker,RT @GoInsideScience: Researchers use stem cells to treat diabetes.  
@Neeky_Poo,nah I cant with that hersheys rn I will get diabetes or a dred sugar rush
@motherboard,Insulin-producing stem cells could help fight diabetes: 
@yoWTFbrah,RT @motherboard: Insulin-producing stem cells could help fight diabetes: 
@ramram2you,@newscientist: Custom-made embryonic stem cells coaxed n2 d insulin-producing cells dat r lost in type 1 #diabetes 
@munevarjuan,RT @CBSHealth: Stem cell cloning may be aid treatment for diabetes 
@runjudy262,RT @NBCNews: Drink Up: An extra cup of coffee each day is associated with an 11% lower risk of Type 2 diabetes. 
@Rxshvn,@CHlLDHOODRUINER: heaven in 7 bags  in 7 bags
@KelseyReckinger,RT @type1girl: but really my endos, family, and friends are the ones that make living with diabetes easier. thank you for supporting me
@jacekkorneluk,Rates of newly diagnosed type 1 diabetes remain stable in Australia (AIHW) 
@SandySidhu,The Fast Diet: An easy way to lose weight &amp; lower your risk of diabetes, heart disease &amp; cancer!  via @clairekerslake
@JackRuddington,Some fat bird on the station is crying like a bitch. Good. I hope diabetes kills you.
@DiabetesyBdP,New post: Diabetes Questions: I have Type 2 diabetes. My doctor recommends glucophage. What do  de
@Christianassad,Voluntis raises $29M to bring diabetes app to US 
@LatinoLiving,Coffee lovers: Drink up to reduce your risk of Type 2 diabetes 
@pat_turley,RT @ShepNewsTeam: Big news for people with diabetes: Scientists have used a cloning technique to make insulin-producing cells
@RcleonRicardo,RT @OrganicLiveFood: Research shows #organic raw foods can reverse #diabetes &amp; giant Pharma &amp; junk food Co benefit from selling sickness ht
@QCSuperMOM,DYK: North and South Carolina are among the states with the highest rate of diabetes at almost 10%? Or that 79... 
@RoRoxanna_13,RT @pelayoarmando11: #SluttyBrownies tried making some diabetes 
@wifeoftremaine,RT @type1girl: i would give anything to have a cure for diabetes.
@J_Finesse12,Now she tryna give me diabetes
@JGuimond,RT @motherboard: Insulin-producing stem cells could help fight diabetes: 
@MaddieMaeDavis,I told my mom about the cut on my foot that wont heal &amp; she casually responds get that looked at, theres a lot diabetes in our family
@0szbts,3 weeks to reverse diabetes. . . . . . 
@sunnyroller,RT @Christianassad: Voluntis raises $29M to bring diabetes app to US 
@PriyankaaDesai,RT @TIME: First stem cells cloned from diabetes patient 
@DCSontheroad,RT @alldiabetesnews: T1 diabetics and parents of children with diabetes, contribute to this worldwide 2 min survey about carb counting! htt
@servantofseitan,...so I thought Id just try WebMD to see if strep has symptoms like mine...apparently I could have anything from diabetes to cancer.
@colty73,This night time low shit is really a pain in the ass when I want to sleep. #diabetes #sucks #needacure
@zamakeupartist,RT @_Woman_health: Vitamin D:and Cancers, type 1 diabetes, heart disease, and osteoporosis. 
@ForeverMayell,@CHlLDHOODRUINER: Chocolate Chip Oreo Brownies  So much diabetes in one picture.... I LOVE it !!
@jessicagdep,RT @alldiabetesnews: T1 diabetics and parents of children with diabetes, contribute to this worldwide 2 min survey about carb counting! htt
@Alvino_305,@DeejayCombs @LordAbstract @ItsFoodPorn diabetes on a plater lol.
@Alamiam11,Chocolate, caramel, chocolate, ice cream served with a side of diabetes 
@jliberatore14,As much as @NoahBadgley jokes about having diabetes or wanting to have it, Im going to actually laugh when you do get diabetes
@lexijay97,RT @neeliE_araS: I really do just hate diabetes
@hqllie,having sweaty hands isnt even that bad at least you dont have diabetes or a tumor or something
@healthyojas,Coffee may reduce risk for type 2 diabetes A new study published in the journal Diabetologia 
@MileHighBecky,The yucca root in my smoothie eases diabetes symptoms, protects skin from UV damage and helps prevent arthritis and cardiovascular disease.
@NofadZidonachi,140 Stem Cells Made From Cloned Human Embryos: ...replace pancreatic cells in patients with type 1 diabetes .... 140
@j2hanson,Tweaking the routine a bit. Bracing for my first ever shot of Lantus! #diabetes #t1d 
@annekatch,RT @type1girl: but really my endos, family, and friends are the ones that make living with diabetes easier. thank you for supporting me
@gordonabishop,when are we going to get a fat bald disabled latino type 1 diabetes disney princess?
@Rebel_Nation1,@Respect_isKEY high blood pressure, wrinkles, diabetes maybe?
@leestidam8,RT @type1girl: but really my endos, family, and friends are the ones that make living with diabetes easier. thank you for supporting me
@16January1979,Cinnamon Roll Pancakes ..... sounds like diabetes
@_MackDaddyTre,RT @YaBishTrap: #TweetLikeYouGottaDarkSkinBae All this CHOCOLATE and all my diabetes what am I gonna do!
@Possyboots,@xxJadeJones No! I have gestational diabetes! Oh my god
@seccyretta,RT @Dropdeadcunts: Do you eat so much candyThat you know youre going to dieOf diabetes and dont care? I know I do lol
@DSturdi,we ride in 5 days!!!...... (although I ride this diabetes ride every day :p) 
@Nodak_kid23,The way the wild are playing is giving me diabetes. #thissucks #daytopper
@Live__Healthy,Mulberry shown to tame cancer, diabetes, inflammation, Alzheimers and More: 
@dominickcosta,@Sullyvanskikins @LisaComento @ant_kneee @McGuireMeredith @getcrackin @CCtoMB jealous .. Im heading closer to diabetes this weekend..
@katieisbell,ive officially had type one diabetes for five years today. cant even wrap my head around that. so grateful for everything.
@diabetesblogs,Comment on JDRF on Stem Cell Research Boost: An Interview with Larry Soler by where  #diabetes #dblog
@Christine_1218,RT @4Paths2Wellness: Diabetes: My Personal Story  via @4Paths2Wellness My personal #blog on my battle with #diabetes.
@_SkipLouSkip,@vinnymillobaby @LisiMichelle my neck look like it suffers from diabetes
@munevarjuan,RT @StemCells: Cloned embryos yield stem cells for diabetes 
@OrganicLiveFood,Research shows #organic raw foods can reverse #diabetes &amp; giant Pharma &amp; junk food Co benefit from selling sickness 
@1MEDICAL2NEWS,RT @diabetesblogs: Comment on JDRF on Stem Cell Research Boost: An Interview with Larry Soler by where  #diabetes #db
@Andysan_37,I pray that @urinate_ doesnt get diabetes every night
@Obgnics,RT @OrganicLiveFood: Research shows #organic raw foods can reverse #diabetes &amp; giant Pharma &amp; junk food Co benefit from selling sickness ht
@2diabetes,the facts about diabetes  utube diabetes 44:05
@DammitDamian,New podcast w/ KEITH MORRIS @offofficial! We talk in depth about diabetes death &amp; what keeps him going! @VICERECORDS
@OrganicsDeliver,RT @OrganicLiveFood: Research shows #organic raw foods can reverse #diabetes &amp; giant Pharma &amp; junk food Co benefit from selling sickness ht
@mador_joanne,The Truth About Exercise -  via @DailymotionUSA The start to my investigation into beating diabetes. #prof210
@lindsay__pierce,RT @surrruh_hurds: One time I lied and told people I had diabetes and that my sugar was low so I could be first in line for donuts. Laura
@ilvmntnbkng,RT @Jp_Johnson_20: #tbt when I was on the brink of diabeetus And yes I know thats not how you spell diabetes 
@Mike_Loughman,@snivelsandbits its vaping not fucking diabetes, dude.
@ImEthanK,Nah thats high cholesterol with a side of diabetes @BrionnaReynolds: Thats heaven in 7 bags 
@FactBibIe,One can of soda a day increases your chances of getting type 2 diabetes by 22%.
@Get_naija,#seethis Could hot-wiring kidneys help beat diabetes? Doctors believe procedure will improve the way body... 
@Imsirbizzle_,@lovinggfaux too much water or diabetes?
@kristenpspeller,RT @OrganicLiveFood: Research shows #organic raw foods can reverse #diabetes &amp; giant Pharma &amp; junk food Co benefit from selling sickness ht
@mstorabby,Sad news: im forcing myself to go get tested for diabetes soon because I think I have it :(
@dt4wl,Increasing consumption of coffee associated with reduced risk of type 2 diabetes, study finds 
@markolson22,RT @melissakilbane3: I just saw a comment on someones Instagram that said I just got diabetes, this is so sweet ..........stop
@menaka1978,Advancements in medical treatments for diabetes 
@greenvideos,RT @OrganicLiveFood: Research shows #organic raw foods can reverse #diabetes &amp; giant Pharma &amp; junk food Co benefit from selling sickness ht
@TywandaMJackson,Coffee may reduce risk for type 2 diabetes 
@GiftedSheIs_,McCdonalds, Wendys, and Cookouts tea is diabetes in a cup 
@erika_lowery,I hate it when my parents make me feel bad about having diabetes. It happened. Get over it.
@APVillanueva,Excellent! RT @latimes: Drinking more coffee may decrease your risk of developing Type 2 diabetes, new study shows: 
@_kayleesawyer_,@Marie_Sexe we could make tons of money.. and diabetes.
@StephenCody2,Cfod robustness communications: foods towards unite swish thine frugal fritz diabetes gathering think: que
@snivelsandbits,@Mike_Loughman you dont know that man. I could be breathing in pure diabetes and not even know it
@fionnbass,Wow! Coffee may help keep diabetes away - WWL First News - WWL First NewsCoffee may help keep diabetes awayWWL Fir... 
@MichaelToledo,RT @APVillanueva: Excellent! RT @latimes: Drinking more coffee may decrease your risk of developing Type 2 diabetes, new study shows: http:
@HBS110,A soda a day keeps the doctor in pay: soft drinks and diabetes via @conversationedu 
@Jp_Johnson_20,#tbt when I was on the brink of diabeetus And yes I know thats not how you spell diabetes 
@Canoe_Glider,RT @OrganicLiveFood: Research shows #organic raw foods can reverse #diabetes &amp; giant Pharma &amp; junk food Co benefit from selling sickness ht
@AlertDiabetes,Comment on JDRF on Stem Cell Research Boost: An Interview with Larry Soler by where  #diabetes #health
@BcbbleGcm,I sob over when i remeber my mom has to take a pill everyday or she dies and my dad has diabetes thar i probably will too @KittyPcws
@castellani,RT @OrganicLiveFood: Research shows #organic raw foods can reverse #diabetes &amp; giant Pharma &amp; junk food Co benefit from selling sickness ht
@GrandFathrTiddy,Everybody wants diabetes
@dietadvice2,The Journal of Sexual Medicine reveals that in obese men with type 2 diabetes, weight loss improves erectile function and sexual desire! :-)
@JerryDeLuca,New post Type 2 Diabetes: A Doctors Surprising Assertion #diabetes .. #HeartDisease .
@mike824199,Wtf? You mean diabetes? I hope thats a joke cause if not u dumb af 
@YaBishTrap,#TweetLikeYouGottaDarkSkinBae All this CHOCOLATE and all my diabetes what am I gonna do!
@_babyadri,@RowdyHaack Yeah I use it to keep track of what I eat too especially my carb intake cause of my diabetes. its a pretty cool app! thats good!
@NRBaybee,RT @Dropdeadcunts: Do you eat so much candyThat you know youre going to dieOf diabetes and dont care? I know I do lol
@ItsLegalyDalila,My kool aid be tasting like diabetes 
@rehstewart,RT @poisonn_ivy3: Adam: I have to pee again.Me: you just went literally 5 minutes ago.Adam: I think I might have diabetes. #doubtit @Ada
@wonderlauren,Am I gonna have diabetes in the morning
@flairforstyle,RT @WSJ: A new development in embryonic cloning shows promise in treating diabetes:  (Photo: Reuters) 
@NoahBadgley,If I could have any disease,I would want scurvy.Because pirates have scurvy and pirates are badass.Plus Im 99% sure i already have diabetes
@ThePrime_Mapp,As a joke I say no to chocolate from my dad cuz Ill get diabetes. What, youll only get it when its dark? Youre dark all the time ...
@LunaVaidya,@ncbn @narendramodi yes, u did developmnt but never planned for green devlpmnt..soon Hyderabad would have high population of diabetes,cancer
@dakotarpeters,@ItsFoodPorn this is diabetes on a plate
@joshua_mccray,RT @FactBibIe: One can of soda a day increases your chances of getting type 2 diabetes by 22%.
@Imjus_pretty,@LordAbstract diabetes on a plate
@NikkiRichStTMTL,RT @1NikkiLund: Thank you Robert @kantorguitars for making the #beautiful @KentuckyDerby @therealsambora #diabetes 
@ashley_white,@SabrinaO0318 yeah, theyre really sugary. So much sugar. Does something to the blood. Boiling diabetes, perhaps?
@JPattonBrands,The future of diabetes prevention lays in the hands of senior NACDD consultant Marti Macchi. Happy birthday Marti!
@kaiilaj,i only had a cup of soda and now I feel like i have diabetes
@brenna_julia,I swear sometimes my sisters diabetes gets out of control
@tradetheday_,I bet these key employees are all cheaply insured ie theyre not paying for the overweight 50 yr old w diabetes. That premiums too high..
@HunterOnTheJonn,So ive consumed enough sugar today to give an elephant diabetes... Feeling great.
@newshourbd,Cloning approach makes diabetes stem celladvance 
@MLGHoNoReD,@SheswantstheD thats looks like diabetes on a plate
@Get_naija,#seethis Could hot-wiring kidneys help beat diabetes? Doctors believe procedure will improve the way body... 
@Step_Up14,RT @JosephHud16: Kool aid, if you aint taste the diabetes you not doin it right.
@YockovJeff,@michaelstrahan rt BHOP 4ds May 9 7:30am Joe Hand Gym Philly donate at door benefit Juv diabetes Resear Foundation 
@neeliE_araS,I really do just hate diabetes
@__BriAntoinette,RT @_KlearlyKrista_: @ItsFoodPorn: Cinnamon Roll Pancake  on a plate 
@ign0rancia,RT @nickjonas: Things to be grateful for.. My last diabetes check up I had my best numbers ever. #healthydiabetic
@TrueLPS,Id love to swim in a pool of cookie dough, but I feel like salmonella, diabetes, or hypothermia would take me first.
@LaurenSolomon_,Sometimes diabetes has its perks. Like not having to go to school tomorrow.
@GrenDougherty,RT @SiobhanAlexand: A Harvard University study found that high daily magnesium intake reduced the risk of developing #diabetes by 33% (http
@FlySSociety,I think I have diabetes honesty
@Brad_Shaw_22,@kelsterrsss fancy people must have diabetes
@gxrman1000,RT @foxnewshealth: Cool new research: Embryonic cloning shows promise for treating #diabetes 
@its_ninnen,RT @M_Pillot: 99% sure I have some temporary diabetes thanks to @its_ninnens peanut butter eggs.
@alldiabetesnews,T1 diabetics and parents of children with diabetes, contribute to this worldwide 2 min survey about carb counting! 
@DhamanRakhra,RT @hultprize: One of out startups features in @FastCoExist  .02 cent solution to diabetes detection in the slum @Che
@satank1ttyy,RT @LivStoner: If the saying you are what you eat was true, I would be a burrtio filled with ice cream and diabetes
@NotiSalud,RT @alldiabetesnews: T1 diabetics and parents of children with diabetes, contribute to this worldwide 2 min survey about carb counting! htt
@loopzoop,i eat glazed doughnuts every morning for breakfast i cant wait for adult diabetes
@helvelyn1960,RT @parthaskar: If this doesnt convince all of the importance of 7 day diabetes inpatient cover...what else will?  
@juliangel27,@DaveHough12 are you aware that there is a huge possibility that some close familiar or yours has morbid obesity or diabetes? AmeriFAT
@BEIGEIXVIII,RT @Real_MLee: @BEIGEIXVIII Im just tryna survive with diabetes lol
@BecauseRachel,I enjoy making bae brownies I wish I could do it everyday but he would get diabetes ya feel lmao
@BeckNoni,Improve your health, helps with chronic pain, fibromyalgia, diabetes even cancer. Check out my site!
@ImOnly_Bee,That looks like diabetes on a plate
@Mededucation101,@LeilaGabriela23 Must read here:  for some clinical diabetes meds info
@RealMartinCruz,RT @JosephHud16: Kool aid, if you aint taste the diabetes you not doin it right.
@DiabesityChat,RT @alldiabetesnews: T1 diabetics and parents of children with diabetes, contribute to this worldwide 2 min survey about carb counting! htt
@krs21da,Coffee lovers: Drink up to reduce your risk of Type 2 diabetes 
@jbarnes13645,@RobertRelf: Lo Los gotta chill w/ da sugar in the koolaid Im about to die drinking this  or get diabetes 
@Possyboots,@FaeryRae gestational diabetes!!!!!!! Im goi g to pass out
@_saraaanic,RT @diabeticprobz1: Can John Green write a book about two teenagers with diabetes who fall in love? #TheFaultInOurPancreas
@Lauwennnnn,My boyfriends got diabetes and I watched him give him himself his shots and 
@LoverzMovement,Prevent diabetes, disease+hypertension Follow Volovn (@DanieelaManzo) is now following you on Twitter! @LoverzMovement #Followback #50...
@Real_MLee,All that cake gave me diabetes lol
@Diabetes_Month,RT @alldiabetesnews: T1 diabetics and parents of children with diabetes, contribute to this worldwide 2 min survey about carb counting! htt
@dr_ven,Early in the morning giving me diabetes.
@amidiabetic,How does a girl who has had T1D since 2 years old deal with diabetes through the teen years? Hannahs Story 
@DrBoxerWachler,9 Foods You Should Eat for Diabetes  via @EverydayHealth keeping #diabetes controlled can help #eyehealth &amp; #vision
@__colesmith,RT @loganejohnson: @TrevColden holy diabetes thats a lot of Mountain Dew
@geeezus_,RT @AntiJokeCat: Yo mommas so fat, theres a strong chance of her developing type 2 diabetes.
@JosephHud16,Kool aid, if you aint taste the diabetes you not doin it right.
@SwagRanger69,@raremendes: camerons sperm is so sweet it gave me diabetes haha 
@Shaniel03,RT @JordanGradeless: Shit u hear at the bar. Man I gotta leave my cat has diabetes and needs it shoots# thethumbistheshit
@LeilaGabriela23,RT @Mededucation101: @LeilaGabriela23 Must read here:  for some clinical diabetes meds info
@His_MamaCita,I need make a doctors appointment again for my diabetes smh crazy man it is
@___Odio___,Sometimes I think I have diabetes
@CaudillAlly,Always take perfect care of myself because if my diabetes. Its just so tiring &amp; stressful
@Kourtn3yGarcia,@chase_mcc10 I blame you for my diabetes
@junaid__j,@ShezrehMirza looks good! Beware of diabetes
@mspeaches813,Walking to work cuts risk of obesity and diabetes. 
@T1DShane,#diabetes #joke 
@brosaleigh,I never had a problem with diabetes when I was doing all that cocaine!!! -my grandpa
@_paytonnnoble,If your sweet tea doesnt taste like diabetes. Youre doing it wrong.
@AKackley,RT @rage_chaos: Red Bull gives you wings. And diabetes.
@saithwells,RT @JordanGradeless: Shit u hear at the bar. Man I gotta leave my cat has diabetes and needs it shoots# thethumbistheshit
@Real_MLee,@BEIGEIXVIII Im just tryna survive with diabetes lol
@BEIGEIXVIII,RT @Real_MLee: All that cake gave me diabetes lol
@dirtyseo,Coffee lovers: Drink up to reduce your risk of Type 2 diabetes 
@Jsica_GG,Coffee lovers: Drink up to reduce your risk of Type 2 diabetes 
@Mikeyy_Johnson,Pussy so sweet gave me diabetes 
@katieisbell,five years ago today i was diagnosed with type one diabetes. every year, i go to the cheesecake 
@mrisner,RT @AmDiabetesAssn: Check out this eye-opening piece abt effects of #diabetes &amp; take the #DiabetesAlert Risk Test:  h
@TebiaMED,@DiabetesHealth Find out how we changing the world of diabetes one text at a time 
@T2diabetesguru,Dulaglutide betters Sitagliptin in Type 2 Diabetes year long US study #diabetes 
@_KlearlyKrista_,@ItsFoodPorn: Cinnamon Roll Pancake  on a plate 
@diabetes_probz,Getting low after you brush your teeth is literally the worst.
@Isabellaateresa,Jaden: cinnamon rolls are ready, I call the one with most icing !Me: that gives you diabetes.. Jaden: diabootys ??
@garik16,Oh yeah, @C4LMarathon is to raise money for JDRF Canada for diabetes research and treatment. In case the RPGs werent enough.
@heartinchainsx,@nickjonas lol you should come talk to my mom about taking care of herself and her diabetes because she sucks at it.
@rev8diabetes,RT @Rico_WDE16: Diabetes* RT@JanaeElisa: The Lord has come 
@fieldingmadison,Endocrinology appointment tomorrow): no school for this girl #doctors #diabetes #ahh
@Sulcabrush,Sulcabrush fights gum disease caused by diabetes. Sulcabrush Pocket Pack - FREE shipping with $25 order with Coupon Code freeship25
@annacshouv,RT @haydenparrill_: @annacshouv I think my diabetes is flaring up, hows yours?
@DiabeticTalks,Blog: Living Life on Diabetes Terms! Addresses negative thinking around diabetes management.  
@diabetes_about,How do you sum up the talent of Arc Reactions? This board pretty much does it...
@Audrey_Hoo,i dont need sweets anymore . Because just seeing you both is like having diabetes . D:
@mommy_diabetes,Irenes Daily Social is out!  Stories via @Diabetes4cast @Jawbone
@JordanGradeless,Shit u hear at the bar. Man I gotta leave my cat has diabetes and needs it shoots# thethumbistheshit
@krispy_lk1,RT @alldiabetesnews: T1 diabetics and parents of children with diabetes, contribute to this worldwide 2 min survey about carb counting! htt
@valerinashoes,Lets form a prayer circle for @gabrielitacuba so she may avoid getting diabetes from all the sweets she has eaten. 
@wine8guru,#wine The Type 2 Diabetes Cookbook: If you have type 2 diabetes, you do not have to give up great tasting food! 
@carolduncan,RT @alldiabetesnews: T1 diabetics and parents of children with diabetes, contribute to this worldwide 2 min survey about carb counting! htt
@BessieGoldman,Discernible: the unlooked-for dithering doubtlessness random diabetes!: jBIBbxd
@Chanel5,RT @CraigxNJ: @louisck If Bill has 25 candy bars and eats 20 candy bars what does he have? Diabetes, Bill has diabetes.
@AjaniV,RT @_ReCheri: @AjaniV but not the diabetes 
@CDA_DCamps,We have FAMILY CAMPS this spring in BC, AB, ON &amp; NB! Go to  to register today. #diabetes #T1D 
@ottman_moreno,RT @alldiabetesnews: T1 diabetics and parents of children with diabetes, contribute to this worldwide 2 min survey about carb counting! htt
@raremendes,camerons sperm is so sweet it gave me diabetes
@DiabeticTalks,Living with Codependency? My diabetes can wait after all he or she has such potential!  #diabetes
@sarahhjobrienn,Justin just made the best point ever if u cant taste the diabetes u aint doing it right #fgp 
@KangenGaa,Coffee lovers: Drink up to reduce your risk of Type 2 diabetes 
@Braillemansmum,RT @alldiabetesnews: T1 diabetics and parents of children with diabetes, contribute to this worldwide 2 min survey about carb counting! htt
@skv_india,RT @alldiabetesnews: T1 diabetics and parents of children with diabetes, contribute to this worldwide 2 min survey about carb counting! htt
@rev8diabetes,RT @hultprize: One of out startups features in @FastCoExist  .02 cent solution to diabetes detection in the slum @Che
@gabrielitacuba,RT @valerinashoes: Lets form a prayer circle for @gabrielitacuba so she may avoid getting diabetes from all the sweets she has eaten. http
@JudithBleher,RT @newscientist: Custom-made embryonic stem cells coaxed into the insulin-producing cells that are lost in type 1 #diabetes 
@manitschriskid,RT @android1597: @CraziestSex: I need this in my life  its like diabetes in cup tho haha
@mistergoats,@hurrrdurrr first time moms also ignore things like gestational diabetes diagnoses. @howetolove
@getdiabetesapp,RT @TheDiabetesCare: Scientists Create Personalized Stem Cells, Raising Hopes for Diabetes Cure 
@gene_chrastil,RT @CBSHealth: Stem cell cloning may be aid treatment for diabetes 
@hoyazoya,Type 1 diabetes survey on severe hypoglycemia: Click here to start  #t1 #hypoglycemia #type1
@CaktPrfahladh,People with diabetes are1.5 times more likely to use alternative therapies, such as supplements and herbs, than those without diabetes?
@jenmturnbull,According to Food Inc. movie, 1 in 3 Americans born after 00 will have diabetes...tragic #foodinc
@GloryVennall,Teacher: John has 32 cookies and eats 28 of them. What does John have now? Me: Diabetes. John has diabetes.
@r_u_aware,RT @nutrition_facts: Honored to be interviewed by Dr. @johnmcdougallmd on diabetes and the dangers of low carb diets: 
@ftlwarpdrive, Cloning used to make stem cells from adult humans in diabetes breakthrough #Techs 
@Sensawunda,RT @GrapeSodaJamb: Houston, we have a problem. Its diabetes.
@runnnergirl50,HEALTH FACT: Vitamin D, omega-3 fish oil and cinnamon can help prevent diabetes. 
@surrruh_hurds,One time I lied and told people I had diabetes and that my sugar was low so I could be first in line for donuts. Laura just said this. 
@Askabt_briee,@Charlyrayne__: I put so much sugar in my cereal . it aint good unless you can tAste the diabetes
@ThatsSoGabbi,@cedricismyname @DamienDreww @Lowreenuhh singapore has amazing healthcare kasi. So like its okay for people to be at risk of diabetes?haha
@eahawkk,@audcking: @eahawkk I ate too many mixed nuts and now I have diabetes thank you
@LivStoner,If the saying you are what you eat was true, I would be a burrtio filled with ice cream and diabetes
@kaylapaixao,my tow honestly hurts so much i probably have diabetes
@DrAmyDean,RT @DrFrankLipman: Want to reverse the epidemics of obesity, heart disease &amp; diabetes? Simple....remove addictive foods (sugar &amp; junk food)
@PlexusSlimMikki,Walking to work cuts risk of obesity and diabetes. 
@Manatee_Bait,I get the worst craps from diabetes. I feel you monthly thots
@Drink_N_Shrink1,Walking to work cuts risk of obesity and diabetes. 
@HealthMedicines,Cloning used to make stem cells from adult humans in diabetes breakthrough - Daily Mail 
@__colleague,Math Problems: If Jim has 50 chocolate bars, and eats 45, what does he have? Diabetes. Jim has diabetes...
@soffex88,@FactualHealth: A coffee habit may also increase your resting metabolism rate, which could help keep diabetes at bay.
@thisisglory_,RT @WSJ: A new development in embryonic cloning shows promise in treating diabetes:  (Photo: Reuters) 
@Jay0253,Oreo cookie covered by a chocolate chip cookie.... so delicious... incoming diabetes xD
@TheKingKez,mum and brother are having a circlejerk about diabetes and exercise can someone beam me out of here
@loopsylore,RT @GrapeSodaJamb: Houston, we have a problem. Its diabetes.
@CDiabetesmag,Which whole grains to eat more of, for a healthier diet with #diabetes:  #beatingdiabetes
@3callmegrandma,Walking to work cuts risk of obesity and diabetes. 
@Group_loven,Thats like heaven with a side of diabetes #Chocolatecake
@jakblanch,Nato is just a nickname for an old guy who lost his toes to diabetes
@VeraNickell,RT @bellaandre: May poles and murder? MAYDAY! NEW by @Heather Graham in #ASweetLife... Help find a cure for diabetes while you read! http:/
@sanjagauthier,RT @LyfeBulb: Rates of heart attacks and strokes in people with diabetes fell by more than 60 percent over the past two decades! 
@ProfDrAndro,Diabetes duration and severity associated with brain atrophyOAK BROOK, Ill. Type 2 diabetes may be associated... 
@itskristinbaby,ive ate so much sweets today i should probs have diabetes
@EveryDaisyDay,I remember my mama told my uncle I had diabetes he talking bout oh she sum like boosie huh NIGGA WHAT LMAO
@BobbieWolfer,Hi my name is Brenda Porter, I was given the diagnosis of diabetes, high cholesterol and ooooh the hot flashes! I... 
@mac_mac1313,my dad just said poptarts lead to early diabetes.... just stop
@skinnyme92,My waist to hip ratio means I have a very high risk to develop diabetes or heart disease. Excuse me while I mentally shoot myself 20x :)
@kbomkamp,@ClarenceLBG just made a comparison between type 1 and type 2 statistical errors and type 1&amp;2 diabetes #studygrind #crackingup
@Iamjaci,@Evan_Redbone @ThatsSoKrista @RawrRolando @CalebMarcotte98 fuck you ginger bitch Im not a candy at all bc I have a fucking diabetes ya bish
@ldiazammo,RT @StemCellsview: Cloned embryos yield stem cells for diabetes - Chicago Tribune 
@Nyenco_Health,Custom-made embryonic stem cells coaxed into the insulin-producing cells that are lost in type 1 #diabetes 
@RabidOtakuX,RT @newscientist: Custom-made embryonic stem cells coaxed into the insulin-producing cells that are lost in type 1 #diabetes 
@groomingal89,@DavidKoechner Dinner with a side of diabetes 
@MenakaSanthush,How to detect gestational diabetes - Helium 
@ChrissyAWriting,Boo! Hiss! Im going to need to go get tested for diabetes. It runs in my family and Ive been ignoring symptoms for too long.
@MaxsClumpArt,RT @marilynwinders: Im raising money for diabetes medicine. Click to Donate:  #gofundme
@KConner434,@SweetasDixie15 holy diabetes 
@sanjagauthier,heart attacks and strokes in people with diabetes fell by 60 percent:  speak with doctor today 
@CCeccanese,@MaxFieldstone yeah thats Markie #diabetes
@AlexMusseman,Tryna run to the stars but I got diabetesBut i got some sweet tarts so go ahead, try to beat me#bars #famousamuss #GetOnMyLevel
@DrTipsbits,Help for coping with adult onset diabetes - 
@NiekosMom,So the bad news is I have diabetes, thyroid problems, hormone problems, severe vitamin deficiencies and I will die If I dont change. SUPER!
@Catherrinnee,Social isolation impairs immune function and boosts inflammation, which can lead to arthritis, type II diabetes, and heart disease.
@Tony_Rotella,@KEEBLERisTiny God Soft Batch cookies are the shit. I had a pre-diabetes flashback, and now Im drooling on myself.
@aamodelminority,RT @WSJ: A new development in embryonic cloning shows promise in treating diabetes:  (Photo: Reuters) 
@grungecliffrd,Ive been feeling v insecure abt my diabetes lately and I never really have before and I dont understand why
@KatOrchard,Today I thought I had diabetes, so Ive come to the life decision that Im not eating sugar anymore..
@MarisaGarz,@Austin_Fuerst wait, you have diabetes? #imsosorry #thischangeseverything
@VegginOutAbout,RT @nutrition_facts: Honored to be interviewed by Dr. @johnmcdougallmd on diabetes and the dangers of low carb diets: 
@taracomer,Walking to work cuts risk of obesity and diabetes. 
@_ohheyamyy,Since my brother got diabetes hes been so healthy and lost hella weight I should start eating what he makes.
@gunitasingh,prof complaining about people saying they have MILD diabetes: the people who say they have mild diabetes r going 2 die from a mild stroke
@goodtobecrazyy,RT @Dropdeadcunts: Do you eat so much candyThat you know youre going to dieOf diabetes and dont care? I know I do lol
@undeadslacker,Guess I could have diabetes and be ugly. Plus Im zombie king so haha jokes on all of you.
@vertijerina,if theres one thing i wanna taste the diabetes in, its my coffee. 
@pixieskitten,@jaqfarkhairi paling takut if dapat diabetes. Nasib Ive cut a lot of sugar out of my diet! Hahahahaha
@xogabbykxo,So wait..if I possibly have diabetes does that mean I have to watch the amount of sugar I eat...oh no..
@becca11890,I never realize how bad diabetes is till I go to the doctor! #Type1Problems #diabetesproblems
@jasmyne_xoxox,RT @daveshave69: Nerds slush is just diabetes in a cup
@BlazingSandals,RT @AmDiabetesAssn: Check out this eye-opening piece abt effects of #diabetes &amp; take the #DiabetesAlert Risk Test:  h
@alans_the_name,Its not that diabetes runs In your family, its that no one runs in your family-Alan Hernandez 2014
@DrTipsbits,How gestational diabetes affects your unborn baby - 
@thePink_Elefant,RT @KiptonForrest: Me: so what seems to be the problem today sir?@sbiggs757 : I have diabetes, fix it.Me: ....uh......I dont think I c
@asmithb,Im now at-risk for diabetes and other ways living in #Cambodia has changed me 
@MERIT_Baltimore,MERIT Sophomores spent the weekend in Washington D.C. presenting to thousands of people about diabetes and health... 
@IndepdentlyPink,Walking to work cuts risk of obesity and diabetes. 
@stacyjuba,RT @JDCA2025: What are the pathways working toward a #T1D cure? Read our latest report to find out  #diabetes #Practi
@wencyracha,Yo some chocolate glazed donuts sound bomb af right now #diabetes
@StopDiabetes3,We need people with diabetes up and moving.
